Title 电影,Rank 排名,Score 打分,Score 观众打分,Score 影评人打分,Year 年份
[The Godfather](https://letterboxd.com/film/the-godfather/),🎉001,🌟93.06,⭐92.26,⭐97.70,1972
[12 Angry Men](https://letterboxd.com/film/12-angry-men/),🎉002,🌟91.69,⭐91.03,⭐95.45,1957
[The Godfather: Part II](https://letterboxd.com/film/the-godfather-part-ii/),🎉003,🌟91.48,⭐91.17,⭐93.30,1974
[Seven Samurai](https://letterboxd.com/film/seven-samurai/),🎉004,🌟90.83,⭐89.69,⭐97.38,1954
[Schindler's List](https://letterboxd.com/film/schindlers-list/),🎉005,🌟90.54,⭐89.97,⭐93.80,1993
[The Shawshank Redemption](https://letterboxd.com/film/the-shawshank-redemption/),🎉006,🌟90.22,⭐91.48,⭐82.95,1994
[City Lights](https://letterboxd.com/film/city-lights/),🎉007,🌟90.08,⭐88.92,⭐96.75,1931
"[The Good, the Bad and the Ugly](https://letterboxd.com/film/the-good-the-bad-and-the-ugly/)",🎉008,🌟90.03,⭐89.82,⭐91.20,1966
[Pulp Fiction](https://letterboxd.com/film/pulp-fiction/),🎉009,🌟89.96,⭐89.43,⭐93.03,1994
[Psycho](https://letterboxd.com/film/psycho/),🎉010,🌟89.62,⭐88.65,⭐95.23,1960
[Harakiri](https://letterboxd.com/film/harakiri/),🎉011,🌟89.61,⭐90.27,⭐85.83,1962
[Modern Times](https://letterboxd.com/film/modern-times/),🎉012,🌟89.58,⭐88.54,⭐95.55,1936
[The Lord of the Rings: The Return of the King](https://letterboxd.com/film/the-lord-of-the-rings-the-return-of-the-king/),🎉013,🌟89.47,⭐88.55,⭐92.98,2003
[The Dark Knight](https://letterboxd.com/film/the-dark-knight/),🎉014,🌟89.36,⭐89.20,⭐89.98,2008
[Parasite](https://letterboxd.com/film/parasite-2019/),🎉015,🌟89.21,⭐87.32,⭐96.45,2019
[Spirited Away](https://letterboxd.com/film/spirited-away/),🎉016,🌟88.97,⭐89.61,⭐86.52,2001
[Casablanca](https://letterboxd.com/film/casablanca/),🎉017,🌟88.93,⭐87.36,⭐98.00,1942
[Rear Window](https://letterboxd.com/film/rear-window/),🎉018,🌟88.86,⭐87.33,⭐97.65,1954
[GoodFellas](https://letterboxd.com/film/goodfellas/),🎉019,🌟88.80,⭐88.34,⭐91.48,1990
[Tokyo Story](https://letterboxd.com/film/tokyo-story/),🎉020,🌟88.73,⭐87.90,⭐98.30,1953
[Singin' in the Rain](https://letterboxd.com/film/singin-in-the-rain/),🎉021,🌟88.63,⭐87.06,⭐97.65,1952
[Ikiru](https://letterboxd.com/film/ikiru/),🎉022,🌟88.61,⭐88.11,⭐93.80,1952
[It's a Wonderful Life](https://letterboxd.com/film/its-a-wonderful-life/),🎉023,🌟88.56,⭐88.23,⭐90.45,1946
[The Great Dictator](https://letterboxd.com/film/the-great-dictator/),🎉024,🌟88.37,⭐88.10,⭐91.10,1940
[Sunset Boulevard](https://letterboxd.com/film/sunset-boulevard/),🎉025,🌟88.35,⭐87.74,⭐95.45,1950
[One Flew Over the Cuckoo's Nest](https://letterboxd.com/film/one-flew-over-the-cuckoos-nest/),🎉026,🌟88.32,⭐88.49,⭐87.38,1975
[Sherlock Jr.](https://letterboxd.com/film/sherlock-jr/),🎉027,🌟88.32,⭐87.54,⭐96.45,1924
[Children of Paradise](https://letterboxd.com/film/children-of-paradise/),🎉028,🌟88.26,⭐87.03,⭐95.33,1945
[Star Wars: The Empire Strikes Back](https://letterboxd.com/film/the-empire-strikes-back/),🎉029,🌟88.17,⭐88.38,⭐86.93,1980
[The Lord of the Rings: The Fellowship of the Ring](https://letterboxd.com/film/the-lord-of-the-rings-the-fellowship-of-the-ring/),🎉030,🌟88.14,⭐88.05,⭐88.47,2001
[Paths of Glory](https://letterboxd.com/film/paths-of-glory/),🎉031,🌟88.11,⭐87.71,⭐92.30,1957
[The Lord of the Rings: The Two Towers](https://letterboxd.com/film/the-lord-of-the-rings-the-two-towers/),🎉032,🌟88.06,⭐87.82,⭐88.98,2002
[The Best of Youth](https://letterboxd.com/film/the-best-of-youth/),🎉033,🌟87.98,⭐87.83,⭐88.78,2003
[Metropolis](https://letterboxd.com/film/metropolis/),🎉034,🌟87.97,⭐86.57,⭐96.00,1927
[All About Eve](https://letterboxd.com/film/all-about-eve/),🎉035,🌟87.94,⭐86.37,⭐96.95,1950
[Le Trou](https://letterboxd.com/film/le-trou/),🎉036,🌟87.90,⭐87.69,⭐89.95,1960
[Dr. Strangelove or: How I Learned to Stop Worrying and Love the Bomb](https://letterboxd.com/film/dr-strangelove-or-how-i-learned-to-stop-worrying-and-love-the-bomb/),🎉037,🌟87.81,⭐86.41,⭐95.85,1964
[The Kid](https://letterboxd.com/film/the-kid/),🎉038,🌟87.80,⭐87.32,⭐92.85,1921
[Apocalypse Now](https://letterboxd.com/film/apocalypse-now/),🎉039,🌟87.80,⭐86.74,⭐93.85,1979
[Bicycle Thieves](https://letterboxd.com/film/bicycle-thieves/),🎉040,🌟87.78,⭐87.12,⭐94.70,1948
[Vertigo](https://letterboxd.com/film/vertigo/),🎉041,🌟87.74,⭐86.32,⭐95.85,1958
[Portrait of a Lady on Fire](https://letterboxd.com/film/portrait-of-a-lady-on-fire/),🎉042,🌟87.71,⭐86.32,⭐93.05,2019
[Citizen Kane](https://letterboxd.com/film/citizen-kane/),🎉043,🌟87.70,⭐85.78,⭐98.70,1941
[Witness for the Prosecution](https://letterboxd.com/film/witness-for-the-prosecution-1957/),🎉044,🌟87.69,⭐87.22,⭐92.65,1957
[High and Low](https://letterboxd.com/film/high-and-low/),🎉045,🌟87.67,⭐87.78,⭐86.55,1963
[Double Indemnity](https://letterboxd.com/film/double-indemnity/),🎉046,🌟87.64,⭐86.48,⭐94.28,1944
[The Silence of the Lambs](https://letterboxd.com/film/the-silence-of-the-lambs/),🎉047,🌟87.62,⭐87.43,⭐88.68,1991
[WALL-E](https://letterboxd.com/film/walle/),🎉048,🌟87.62,⭐86.54,⭐91.73,2008
[Ran](https://letterboxd.com/film/ran/),🎉049,🌟87.58,⭐86.34,⭐94.70,1985
[Rashomon](https://letterboxd.com/film/rashomon/),🎉050,🌟87.54,⭐85.98,⭐96.55,1950
[Alien](https://letterboxd.com/film/alien/),🎉051,🌟87.54,⭐86.81,⭐91.73,1979
[The Apartment](https://letterboxd.com/film/the-apartment/),🎉052,🌟87.52,⭐86.74,⭐92.00,1960
[Saving Private Ryan](https://letterboxd.com/film/saving-private-ryan/),🎉053,🌟87.50,⭐87.00,⭐90.35,1998
[M](https://letterboxd.com/film/m/),🎉054,🌟87.49,⭐86.66,⭐96.20,1931
[Lawrence of Arabia](https://letterboxd.com/film/lawrence-of-arabia/),🎉055,🌟87.47,⭐85.70,⭐97.65,1962
[A Man Escaped](https://letterboxd.com/film/a-man-escaped/),🎉056,🌟87.40,⭐85.82,⭐96.50,1956
[Toy Story 3](https://letterboxd.com/film/toy-story-3/),🎉057,🌟87.37,⭐85.61,⭐94.12,2010
[Star Wars](https://letterboxd.com/film/star-wars/),🎉058,🌟87.36,⭐86.90,⭐90.03,1977
[A Separation](https://letterboxd.com/film/a-separation/),🎉059,🌟87.36,⭐85.61,⭐94.03,2011
[The Pianist](https://letterboxd.com/film/the-pianist/),🎉060,🌟87.36,⭐86.70,⭐89.88,2002
[A Brighter Summer Day](https://letterboxd.com/film/a-brighter-summer-day/),🎉061,🌟87.33,⭐86.28,⭐93.38,1991
[City of God](https://letterboxd.com/film/city-of-god/),🎉062,🌟87.32,⭐88.00,⭐84.72,2002
[Woman in the Dunes](https://letterboxd.com/film/woman-in-the-dunes/),🎉063,🌟87.32,⭐86.69,⭐93.95,1964
[Back to the Future](https://letterboxd.com/film/back-to-the-future/),🎉064,🌟87.28,⭐86.91,⭐89.38,1985
[Spider-Man: Into the Spider-Verse](https://letterboxd.com/film/spider-man-into-the-spider-verse/),🎉065,🌟87.27,⭐86.35,⭐90.78,2018
[The Lives of Others](https://letterboxd.com/film/the-lives-of-others/),🎉066,🌟87.22,⭐86.66,⭐89.35,2006
[Taxi Driver](https://letterboxd.com/film/taxi-driver/),🎉067,🌟87.17,⭐86.01,⭐93.88,1976
[Toy Story](https://letterboxd.com/film/toy-story/),🎉068,🌟87.14,⭐85.77,⭐95.03,1995
[Cinema Paradiso](https://letterboxd.com/film/cinema-paradiso/),🎉069,🌟87.13,⭐87.88,⭐82.80,1988
[The Lion King](https://letterboxd.com/film/the-lion-king/),🎉070,🌟87.13,⭐86.93,⭐88.28,1994
[Once Upon a Time in the West](https://letterboxd.com/film/once-upon-a-time-in-the-west/),🎉071,🌟87.13,⭐87.21,⭐86.65,1968
[Fanny and Alexander](https://letterboxd.com/film/fanny-and-alexander/),🎉072,🌟87.00,⭐85.21,⭐97.30,1982
[Whiplash](https://letterboxd.com/film/whiplash-2014/),🎉073,🌟87.00,⭐86.19,⭐90.10,2014
[Pather Panchali](https://letterboxd.com/film/pather-panchali/),🎉074,🌟86.98,⭐86.28,⭐94.35,1955
[Sansho the Bailiff](https://letterboxd.com/film/sansho-the-bailiff/),🎉075,🌟86.96,⭐86.06,⭐95.50,1954
[The 400 Blows](https://letterboxd.com/film/the-400-blows/),🎉076,🌟86.94,⭐86.01,⭐96.70,1959
[The World of Apu](https://letterboxd.com/film/apur-sansar/),🎉077,🌟86.93,⭐86.27,⭐93.20,1959
[The Treasure of the Sierra Madre](https://letterboxd.com/film/the-treasure-of-the-sierra-madre/),🎉078,🌟86.92,⭐85.06,⭐96.68,1948
[Some Like It Hot](https://letterboxd.com/film/some-like-it-hot/),🎉079,🌟86.86,⭐85.39,⭐95.30,1959
[Come and See](https://letterboxd.com/film/come-and-see/),🎉080,🌟86.86,⭐86.51,⭐90.50,1985
[The Passion of Joan of Arc](https://letterboxd.com/film/the-passion-of-joan-of-arc/),🎉081,🌟86.85,⭐86.11,⭐94.65,1928
[North by Northwest](https://letterboxd.com/film/north-by-northwest/),🎉082,🌟86.83,⭐85.17,⭐96.38,1959
[The Gold Rush](https://letterboxd.com/film/the-gold-rush/),🎉083,🌟86.76,⭐86.02,⭐94.55,1925
[My Neighbor Totoro](https://letterboxd.com/film/my-neighbor-totoro/),🎉084,🌟86.76,⭐86.63,⭐87.53,1988
[Yojimbo](https://letterboxd.com/film/yojimbo/),🎉085,🌟86.73,⭐86.27,⭐91.55,1961
[Three Colors: Red](https://letterboxd.com/film/three-colours-red/),🎉086,🌟86.69,⭐84.93,⭐96.78,1994
[Princess Mononoke](https://letterboxd.com/film/princess-mononoke/),🎉087,🌟86.68,⭐87.64,⭐81.18,1999
[Andrei Rublev](https://letterboxd.com/film/andrei-rublev/),🎉088,🌟86.66,⭐86.16,⭐91.90,1966
[Nights of Cabiria](https://letterboxd.com/film/nights-of-cabiria/),🎉089,🌟86.65,⭐86.11,⭐92.25,1957
[Sátántangó](https://letterboxd.com/film/satantango/),🎉090,🌟86.63,⭐86.27,⭐90.45,1994
[Ugetsu](https://letterboxd.com/film/ugetsu/),🎉091,🌟86.60,⭐85.48,⭐97.25,1953
[Once Upon a Time in America](https://letterboxd.com/film/once-upon-a-time-in-america/),🎉092,🌟86.60,⭐86.65,⭐86.10,1984
[The General](https://letterboxd.com/film/the-general/),🎉093,🌟86.54,⭐86.08,⭐91.45,1926
[The Third Man](https://letterboxd.com/film/the-third-man/),🎉094,🌟86.53,⭐84.63,⭐96.50,1949
[Eternal Sunshine of the Spotless Mind](https://letterboxd.com/film/eternal-sunshine-of-the-spotless-mind/),🎉095,🌟86.51,⭐85.69,⭐89.63,2004
[Inception](https://letterboxd.com/film/inception/),🎉096,🌟86.50,⭐87.15,⭐84.02,2010
[I Am Cuba](https://letterboxd.com/film/i-am-cuba/),🎉097,🌟86.44,⭐85.60,⭐93.60,1964
[Stalker](https://letterboxd.com/film/stalker/),🎉098,🌟86.43,⭐85.87,⭐92.30,1979
[Army of Shadows](https://letterboxd.com/film/army-of-shadows/),🎉099,🌟86.42,⭐84.87,⭐95.30,1969
[Sunrise: A Song of Two Humans](https://letterboxd.com/film/sunrise-a-song-of-two-humans/),🎉100,🌟86.40,⭐85.68,⭐93.95,1927
[Das Boot](https://letterboxd.com/film/das-boot/),🎉101,🌟86.39,⭐85.74,⭐90.13,1981
[To Be or Not to Be](https://letterboxd.com/film/to-be-or-not-to-be/),🎉102,🌟86.38,⭐85.77,⭐89.58,1942
[Late Spring](https://letterboxd.com/film/late-spring/),🎉103,🌟86.36,⭐85.56,⭐94.75,1949
[Up](https://letterboxd.com/film/up/),🎉104,🌟86.35,⭐85.67,⭐90.28,2009
[Scenes from a Marriage](https://letterboxd.com/film/scenes-from-a-marriage/),🎉105,🌟86.33,⭐86.28,⭐86.85,1974
[The Circus](https://letterboxd.com/film/the-circus/),🎉106,🌟86.29,⭐85.58,⭐90.35,1928
[Chinatown](https://letterboxd.com/film/chinatown/),🎉107,🌟86.26,⭐84.90,⭐94.08,1974
[It's Such a Beautiful Day](https://letterboxd.com/film/its-such-a-beautiful-day/),🎉108,🌟86.21,⭐85.25,⭐91.25,2012
[Raiders of the Lost Ark](https://letterboxd.com/film/raiders-of-the-lost-ark/),🎉109,🌟86.20,⭐85.65,⭐89.33,1981
[Man With a Movie Camera](https://letterboxd.com/film/man-with-a-movie-camera/),🎉110,🌟86.17,⭐85.40,⭐94.20,1929
[Time of the Gypsies](https://letterboxd.com/film/time-of-the-gypsies/),🎉111,🌟86.14,⭐86.15,⭐86.05,1988
[The Battle of Algiers](https://letterboxd.com/film/the-battle-of-algiers/),🎉112,🌟86.14,⭐84.53,⭐95.40,1966
[La Jetée](https://letterboxd.com/film/la-jetee/),🎉113,🌟86.07,⭐85.77,⭐89.25,1962
[Persona](https://letterboxd.com/film/persona/),🎉114,🌟86.06,⭐85.65,⭐88.20,1966
[Ordet](https://letterboxd.com/film/ordet/),🎉115,🌟86.04,⭐84.89,⭐98.10,1955
[Coco](https://letterboxd.com/film/coco-2017/),🎉116,🌟86.01,⭐85.84,⭐86.67,2017
[The Wages of Fear](https://letterboxd.com/film/the-wages-of-fear/),🎉117,🌟85.96,⭐85.21,⭐94.60,1953
[Inside Out](https://letterboxd.com/film/inside-out-2015/),🎉118,🌟85.95,⭐83.97,⭐93.55,2015
[The Seventh Seal](https://letterboxd.com/film/the-seventh-seal/),🎉119,🌟85.94,⭐85.35,⭐92.10,1957
[Mirror](https://letterboxd.com/film/mirror/),🎉120,🌟85.92,⭐84.99,⭐95.60,1975
[Amadeus](https://letterboxd.com/film/amadeus/),🎉121,🌟85.90,⭐85.27,⭐89.55,1984
[Finding Nemo](https://letterboxd.com/film/finding-nemo/),🎉122,🌟85.88,⭐83.94,⭐93.32,2003
[Wild Strawberries](https://letterboxd.com/film/wild-strawberries/),🎉123,🌟85.83,⭐85.23,⭐92.10,1957
[Rififi](https://letterboxd.com/film/rififi/),🎉124,🌟85.82,⭐84.64,⭐92.00,1955
[Memento](https://letterboxd.com/film/memento/),🎉125,🌟85.77,⭐85.72,⭐85.98,2000
[The Sting](https://letterboxd.com/film/the-sting/),🎉126,🌟85.77,⭐85.77,⭐85.73,1973
[Terminator 2: Judgment Day](https://letterboxd.com/film/terminator-2-judgment-day/),🎉127,🌟85.76,⭐86.41,⭐82.00,1991
[Gone with the Wind](https://letterboxd.com/film/gone-with-the-wind/),🎉128,🌟85.74,⭐84.49,⭐92.90,1939
[Yi Yi](https://letterboxd.com/film/yi-yi/),🎉129,🌟85.72,⭐84.76,⭐91.25,2000
[Grave of the Fireflies](https://letterboxd.com/film/grave-of-the-fireflies/),🎉130,🌟85.67,⭐84.83,⭐94.50,1988
[La Strada](https://letterboxd.com/film/la-strada/),🎉131,🌟85.67,⭐85.01,⭐92.60,1954
[L.A. Confidential](https://letterboxd.com/film/la-confidential/),🎉132,🌟85.64,⭐84.60,⭐91.63,1997
[American Beauty](https://letterboxd.com/film/american-beauty/),🎉133,🌟85.60,⭐84.68,⭐89.12,1999
[Umberto D.](https://letterboxd.com/film/umberto-d/),🎉134,🌟85.58,⭐84.35,⭐92.63,1952
[2001: A Space Odyssey](https://letterboxd.com/film/2001-a-space-odyssey/),🎉135,🌟85.58,⭐85.10,⭐88.35,1968
[The Night of the Hunter](https://letterboxd.com/film/the-night-of-the-hunter/),🎉136,🌟85.57,⭐83.60,⭐96.93,1955
[Aliens](https://letterboxd.com/film/aliens/),🎉137,🌟85.56,⭐85.01,⭐88.73,1986
[The Shop Around the Corner](https://letterboxd.com/film/the-shop-around-the-corner/),🎉138,🌟85.56,⭐83.90,⭐94.28,1940
[The Matrix](https://letterboxd.com/film/the-matrix/),🎉139,🌟85.49,⭐86.89,⭐77.45,1999
[Unforgiven](https://letterboxd.com/film/unforgiven/),🎉140,🌟85.49,⭐84.95,⭐88.55,1992
[The Great Escape](https://letterboxd.com/film/the-great-escape/),🎉141,🌟85.47,⭐85.08,⭐87.68,1963
[To Kill a Mockingbird](https://letterboxd.com/film/to-kill-a-mockingbird/),🎉142,🌟85.47,⭐84.83,⭐89.13,1962
[Fight Club](https://letterboxd.com/film/fight-club/),🎉143,🌟85.46,⭐87.99,⭐70.88,1999
[8½](https://letterboxd.com/film/8-half/),🎉144,🌟85.45,⭐84.90,⭐91.20,1963
[Raise the Red Lantern](https://letterboxd.com/film/raise-the-red-lantern/),🎉145,🌟85.39,⭐84.93,⭐90.25,1991
[Barry Lyndon](https://letterboxd.com/film/barry-lyndon/),🎉146,🌟85.37,⭐84.92,⭐87.95,1975
[On the Waterfront](https://letterboxd.com/film/on-the-waterfront/),🎉147,🌟85.34,⭐84.01,⭐93.00,1954
[Raging Bull](https://letterboxd.com/film/raging-bull/),🎉148,🌟85.30,⭐84.41,⭐90.48,1980
[The Cranes Are Flying](https://letterboxd.com/film/the-cranes-are-flying/),🎉149,🌟85.29,⭐84.87,⭐89.30,1957
[The Grapes of Wrath](https://letterboxd.com/film/the-grapes-of-wrath/),🎉150,🌟85.28,⭐83.52,⭐95.45,1940
[Rebecca](https://letterboxd.com/film/rebecca/),🎉151,🌟85.26,⭐84.34,⭐90.08,1940
[The Bridge on the River Kwai](https://letterboxd.com/film/the-bridge-on-the-river-kwai/),🎉152,🌟85.18,⭐84.25,⭐90.58,1957
[Cool Hand Luke](https://letterboxd.com/film/cool-hand-luke/),🎉153,🌟85.16,⭐83.79,⭐93.05,1967
[A Streetcar Named Desire](https://letterboxd.com/film/a-streetcar-named-desire/),🎉154,🌟85.12,⭐83.47,⭐94.60,1951
[Autumn Sonata](https://letterboxd.com/film/autumn-sonata/),🎉155,🌟85.11,⭐85.13,⭐84.85,1978
[Nobody Knows](https://letterboxd.com/film/nobody-knows/),🎉156,🌟85.10,⭐84.74,⭐87.18,2004
[The Cabinet of Dr. Caligari](https://letterboxd.com/film/the-cabinet-of-dr-caligari-1920/),🎉157,🌟85.10,⭐84.03,⭐96.40,1920
[It Happened One Night](https://letterboxd.com/film/it-happened-one-night/),🎉158,🌟85.08,⭐84.08,⭐90.83,1934
[La Dolce Vita](https://letterboxd.com/film/la-dolce-vita/),🎉159,🌟85.08,⭐83.46,⭐94.38,1960
[The Wizard of Oz](https://letterboxd.com/film/the-wizard-of-oz-1939/),🎉160,🌟85.07,⭐82.81,⭐98.03,1939
[Blade Runner](https://letterboxd.com/film/blade-runner/),🎉161,🌟85.04,⭐84.90,⭐85.85,1982
[Aparajito](https://letterboxd.com/film/aparajito/),🎉162,🌟85.03,⭐84.42,⭐90.90,1956
[Mary and Max](https://letterboxd.com/film/mary-and-max/),🎉163,🌟85.03,⭐84.75,⭐88.05,2009
[All Quiet on the Western Front](https://letterboxd.com/film/all-quiet-on-the-western-front/),🎉164,🌟85.01,⭐83.64,⭐92.85,1930
[Throne of Blood](https://letterboxd.com/film/throne-of-blood/),🎉165,🌟85.00,⭐84.40,⭐91.30,1957
[Limelight](https://letterboxd.com/film/limelight/),🎉166,🌟84.99,⭐84.70,⭐88.00,1952
"[Paris, Texas](https://letterboxd.com/film/paris-texas/)",🎉167,🌟84.98,⭐85.18,⭐83.95,1984
[Make Way for Tomorrow](https://letterboxd.com/film/make-way-for-tomorrow/),🎉168,🌟84.94,⭐83.80,⭐95.80,1937
[The Tale of the Princess Kaguya](https://letterboxd.com/film/the-tale-of-the-princess-kaguya/),🎉169,🌟84.91,⭐83.32,⭐91.02,2013
[Reservoir Dogs](https://letterboxd.com/film/reservoir-dogs/),🎉170,🌟84.89,⭐84.93,⭐84.68,1992
[The Young and the Damned](https://letterboxd.com/film/the-young-and-the-damned/),🎉171,🌟84.86,⭐84.63,⭐87.10,1950
[Ivan's Childhood](https://letterboxd.com/film/ivans-childhood/),🎉172,🌟84.86,⭐83.91,⭐94.80,1962
[Memories of Murder](https://letterboxd.com/film/memories-of-murder/),🎉173,🌟84.85,⭐85.20,⭐82.88,2003
[Song of the Sea](https://letterboxd.com/film/song-of-the-sea/),🎉174,🌟84.85,⭐84.24,⭐87.20,2014
[The Truman Show](https://letterboxd.com/film/the-truman-show/),🎉175,🌟84.84,⭐84.01,⭐89.63,1998
[Forrest Gump](https://letterboxd.com/film/forrest-gump/),🎉176,🌟84.84,⭐86.22,⭐76.90,1994
[Anatomy of a Murder](https://letterboxd.com/film/anatomy-of-a-murder/),🎉177,🌟84.83,⭐82.90,⭐94.00,1959
[La Haine](https://letterboxd.com/film/la-haine/),🎉178,🌟84.81,⭐84.26,⭐90.60,1995
[The Man Who Shot Liberty Valance](https://letterboxd.com/film/the-man-who-shot-liberty-valance/),🎉179,🌟84.79,⭐83.44,⭐91.90,1962
[Le Samouraï](https://letterboxd.com/film/le-samourai/),🎉180,🌟84.79,⭐84.07,⭐92.35,1967
[Day of Wrath](https://letterboxd.com/film/day-of-wrath/),🎉181,🌟84.79,⭐83.88,⭐93.40,1943
[Nausicaä of the Valley of the Wind](https://letterboxd.com/film/nausicaa-of-the-valley-of-the-wind/),🎉182,🌟84.78,⭐84.72,⭐85.10,1984
[The Red Shoes](https://letterboxd.com/film/the-red-shoes/),🎉183,🌟84.76,⭐83.96,⭐93.15,1948
[Napoleon](https://letterboxd.com/film/napoleon/),🎉184,🌟84.73,⭐83.92,⭐93.25,1927
[Faces Places](https://letterboxd.com/film/faces-places/),🎉185,🌟84.71,⭐81.81,⭐95.83,2017
[Grand Illusion](https://letterboxd.com/film/grand-illusion/),🎉186,🌟84.69,⭐83.68,⭐95.35,1937
[The Usual Suspects](https://letterboxd.com/film/the-usual-suspects/),🎉187,🌟84.69,⭐85.46,⭐80.23,1995
[Sanjuro](https://letterboxd.com/film/sanjuro/),🎉188,🌟84.68,⭐83.99,⭐91.90,1962
[The Hunt](https://letterboxd.com/film/the-hunt-2012/),🎉189,🌟84.67,⭐85.19,⭐82.72,2012
[Se7en](https://letterboxd.com/film/se7en/),🎉190,🌟84.67,⭐86.85,⭐72.15,1995
[A Clockwork Orange](https://letterboxd.com/film/a-clockwork-orange/),🎉191,🌟84.66,⭐84.98,⭐82.78,1971
[Ratatouille](https://letterboxd.com/film/ratatouille/),🎉192,🌟84.63,⭐82.59,⭐92.45,2007
[The Leopard](https://letterboxd.com/film/the-leopard/),🎉193,🌟84.62,⭐82.42,⭐97.30,1963
[The Exterminating Angel](https://letterboxd.com/film/the-exterminating-angel/),🎉194,🌟84.62,⭐83.94,⭐91.10,1962
[Room](https://letterboxd.com/film/room-2015/),🎉195,🌟84.62,⭐83.49,⭐88.95,2015
[The Best Years of Our Lives](https://letterboxd.com/film/the-best-years-of-our-lives/),🎉196,🌟84.60,⭐83.21,⭐92.63,1946
[Trainspotting](https://letterboxd.com/film/trainspotting/),🎉197,🌟84.57,⭐84.46,⭐85.20,1996
[Monty Python and the Holy Grail](https://letterboxd.com/film/monty-python-and-the-holy-grail/),🎉198,🌟84.56,⭐83.27,⭐91.98,1975
[Roman Holiday](https://letterboxd.com/film/roman-holiday/),🎉199,🌟84.54,⭐84.54,⭐84.55,1953
[Toy Story 2](https://letterboxd.com/film/toy-story-2/),🎉200,🌟84.54,⭐82.12,⭐93.80,1999
[The Elephant Man](https://letterboxd.com/film/the-elephant-man/),🎉201,🌟84.54,⭐84.80,⭐83.00,1980
[Annie Hall](https://letterboxd.com/film/annie-hall/),🎉202,🌟84.53,⭐83.07,⭐92.93,1977
[Before Sunrise](https://letterboxd.com/film/before-sunrise/),🎉203,🌟84.52,⭐84.55,⭐84.30,1995
[Forbidden Games](https://letterboxd.com/film/forbidden-games-1952/),🎉204,🌟84.51,⭐83.63,⭐93.75,1952
[Spotlight](https://letterboxd.com/film/spotlight/),🎉205,🌟84.51,⭐82.24,⭐93.20,2015
[Castle in the Sky](https://letterboxd.com/film/castle-in-the-sky/),🎉206,🌟84.51,⭐85.01,⭐81.63,1986
[Persepolis](https://letterboxd.com/film/persepolis/),🎉207,🌟84.51,⭐83.43,⭐88.63,2007
[The Iron Giant](https://letterboxd.com/film/the-iron-giant/),🎉208,🌟84.45,⭐83.96,⭐86.35,1999
[Oldboy](https://letterboxd.com/film/oldboy/),🎉209,🌟84.44,⭐85.61,⭐79.97,2003
[Children of Heaven](https://letterboxd.com/film/children-of-heaven/),🎉210,🌟84.40,⭐84.80,⭐80.15,1997
[A Short Film About Love](https://letterboxd.com/film/a-short-film-about-love/),🎉211,🌟84.39,⭐84.14,⭐87.10,1988
[The Cameraman](https://letterboxd.com/film/the-cameraman/),🎉212,🌟84.38,⭐83.47,⭐93.90,1928
[Safety Last!](https://letterboxd.com/film/safety-last/),🎉213,🌟84.37,⭐83.62,⭐92.25,1923
[The Mother and the Whore](https://letterboxd.com/film/the-mother-and-the-whore/),🎉214,🌟84.35,⭐83.15,⭐94.55,1973
[There Will Be Blood](https://letterboxd.com/film/there-will-be-blood/),🎉215,🌟84.35,⭐83.08,⭐89.22,2007
[Harry Potter and the Deathly Hallows: Part 2](https://letterboxd.com/film/harry-potter-and-the-deathly-hallows-part-2/),🎉216,🌟84.34,⭐83.07,⭐89.23,2011
[Kind Hearts and Coronets](https://letterboxd.com/film/kind-hearts-and-coronets/),🎉217,🌟84.34,⭐83.15,⭐95.60,1949
[Beauty and the Beast](https://letterboxd.com/film/beauty-and-the-beast-1991/),🎉218,🌟84.33,⭐82.95,⭐92.28,1991
[12 Years a Slave](https://letterboxd.com/film/12-years-a-slave/),🎉219,🌟84.33,⭐81.81,⭐94.00,2013
[Howl's Moving Castle](https://letterboxd.com/film/howls-moving-castle/),🎉220,🌟84.33,⭐86.08,⭐77.62,2004
"[Monsters, Inc.](https://letterboxd.com/film/monsters-inc/)",🎉221,🌟84.33,⭐83.79,⭐86.38,2001
[In the Mood for Love](https://letterboxd.com/film/in-the-mood-for-love/),🎉222,🌟84.32,⭐84.57,⭐83.40,2000
[To Live](https://letterboxd.com/film/to-live/),🎉223,🌟84.32,⭐84.36,⭐84.00,1994
[Three Colors: Blue](https://letterboxd.com/film/three-colours-blue/),🎉224,🌟84.31,⭐83.62,⭐88.33,1993
[Diabolique](https://letterboxd.com/film/diabolique-1955/),🎉225,🌟84.31,⭐83.70,⭐90.70,1955
[Close-Up](https://letterboxd.com/film/close-up/),🎉226,🌟84.30,⭐84.17,⭐85.70,1990
[Werckmeister Harmonies](https://letterboxd.com/film/werckmeister-harmonies/),🎉227,🌟84.29,⭐82.87,⭐91.73,2000
[PlayTime](https://letterboxd.com/film/playtime/),🎉228,🌟84.26,⭐83.38,⭐93.50,1967
[A Woman Under the Influence](https://letterboxd.com/film/a-woman-under-the-influence/),🎉229,🌟84.25,⭐83.59,⭐87.40,1974
[The Last Laugh](https://letterboxd.com/film/the-last-laugh/),🎉230,🌟84.23,⭐83.07,⭐95.25,1924
[The Conformist](https://letterboxd.com/film/the-conformist/),🎉231,🌟84.22,⭐82.05,⭐96.68,1970
[Ben-Hur](https://letterboxd.com/film/ben-hur-1959/),🎉232,🌟84.21,⭐83.74,⭐86.93,1959
[Life Is Beautiful](https://letterboxd.com/film/life-is-beautiful/),🎉233,🌟84.20,⭐86.94,⭐68.45,1997
[The Crowd](https://letterboxd.com/film/the-crowd/),🎉234,🌟84.20,⭐83.12,⭐93.35,1928
[The Hidden Fortress](https://letterboxd.com/film/the-hidden-fortress/),🎉235,🌟84.20,⭐83.52,⭐91.25,1958
[Before Sunset](https://letterboxd.com/film/marriage-story-2019/),🎉236,🌟84.19,⭐83.54,⭐86.68,2004
[Marriage Story](https://letterboxd.com/film/before-sunset/),🎉237,🌟84.19,⭐81.84,⭐93.18,2019
[Django Unchained](https://letterboxd.com/film/django-unchained/),🎉238,🌟84.16,⭐84.16,⭐84.18,2012
[Network](https://letterboxd.com/film/network/),🎉239,🌟84.16,⭐83.94,⭐85.45,1976
[For a Few Dollars More](https://letterboxd.com/film/for-a-few-dollars-more/),🎉240,🌟84.16,⭐85.01,⭐79.28,1965
[Pan's Labyrinth](https://letterboxd.com/film/pans-labyrinth/),🎉241,🌟84.15,⭐82.23,⭐91.52,2006
[Viridiana](https://letterboxd.com/film/viridiana/),🎉242,🌟84.15,⭐83.31,⭐92.95,1961
[The Last Picture Show](https://letterboxd.com/film/the-last-picture-show/),🎉243,🌟84.15,⭐82.05,⭐94.15,1971
[Ali: Fear Eats the Soul](https://letterboxd.com/film/ali-fear-eats-the-soul/),🎉244,🌟84.15,⭐82.96,⭐96.70,1974
[Incendies](https://letterboxd.com/film/incendies/),🎉245,🌟84.14,⭐84.08,⭐84.37,2011
[Full Metal Jacket](https://letterboxd.com/film/full-metal-jacket/),🎉246,🌟84.14,⭐84.59,⭐81.53,1987
[Farewell My Concubine](https://letterboxd.com/film/farewell-my-concubine/),🎉247,🌟84.14,⭐84.48,⭐80.50,1993
[Touch of Evil](https://letterboxd.com/film/touch-of-evil/),🎉248,🌟84.13,⭐82.12,⭐95.70,1958
[Fargo](https://letterboxd.com/film/fargo/),🎉249,🌟84.13,⭐83.55,⭐87.45,1996
[Central Station](https://letterboxd.com/film/central-station/),🎉250,🌟84.12,⭐84.26,⭐83.28,1998
