,Cover 海报,Rank 排名,Title 电影,Director 导演,Score 打分,Year 年份,Region 地区,Genre 类型,Staff 人员
0,![tt0111161](https://m.media-amazon.com/images/M/MV5BNDE3ODcxYzMtY2YzZC00NmNlLWJiNDMtZDViZWM2MzIxZDYwXkEyXkFqcGdeQXVyNjAwNDUxODI@._V1_.jpg),1,[The Shawshank Redemption](https://www.imdb.com/title/tt0111161/), ,🌟9.30,1994, ,Drama, 
1,![tt0068646](https://m.media-amazon.com/images/M/MV5BM2MyNjYxNmUtYTAwNi00MTYxLWJmNWYtYzZlODY3ZTk3OTFlXkEyXkFqcGdeQXVyNzkwMjQ5NzM@._V1_.jpg),2,[The Godfather](https://www.imdb.com/title/tt0068646/), ,🌟9.20,1972, ,"Crime,Drama", 
2,![tt0468569](https://m.media-amazon.com/images/M/MV5BMTMxNTMwODM0NF5BMl5BanBnXkFtZTcwODAyMTk2Mw@@._V1_.jpg),3,[The Dark Knight](https://www.imdb.com/title/tt0468569/), ,🌟9.00,2008, ,"Action,Crime,Drama", 
3,![tt0071562](https://m.media-amazon.com/images/M/MV5BMWMwMGQzZTItY2JlNC00OWZiLWIyMDctNDk2ZDQ2YjRjMWQ0XkEyXkFqcGdeQXVyNzkwMjQ5NzM@._V1_.jpg),4,[The Godfather Part II](https://www.imdb.com/title/tt0071562/), ,🌟9.00,1974, ,"Crime,Drama", 
4,![tt0050083](https://m.media-amazon.com/images/M/MV5BMWU4N2FjNzYtNTVkNC00NzQ0LTg0MjAtYTJlMjFhNGUxZDFmXkEyXkFqcGdeQXVyNjc1NTYyMjg@._V1_.jpg),5,[12 Angry Men](https://www.imdb.com/title/tt0050083/), ,🌟9.00,1957, ,"Crime,Drama", 
5,![tt0108052](https://m.media-amazon.com/images/M/MV5BNDE4OTMxMTctNmRhYy00NWE2LTg3YzItYTk3M2UwOTU5Njg4XkEyXkFqcGdeQXVyNjU0OTQ0OTY@._V1_.jpg),6,[Schindler's List](https://www.imdb.com/title/tt0108052/), ,🌟9.00,1993, ,"Biography,Drama,History", 
6,![tt0167260](https://m.media-amazon.com/images/M/MV5BNzA5ZDNlZWMtM2NhNS00NDJjLTk4NDItYTRmY2EwMWZlMTY3XkEyXkFqcGdeQXVyNzkwMjQ5NzM@._V1_.jpg),7,[The Lord of the Rings: The Return of the King](https://www.imdb.com/title/tt0167260/), ,🌟9.00,2003, ,"Action,Adventure,Drama", 
7,![tt0110912](https://m.media-amazon.com/images/M/MV5BNGNhMDIzZTUtNTBlZi00MTRlLWFjM2ItYzViMjE3YzI5MjljXkEyXkFqcGdeQXVyNzkwMjQ5NzM@._V1_.jpg),8,[Pulp Fiction](https://www.imdb.com/title/tt0110912/), ,🌟8.90,1994, ,"Crime,Drama", 
8,![tt0120737](https://m.media-amazon.com/images/M/MV5BN2EyZjM3NzUtNWUzMi00MTgxLWI0NTctMzY4M2VlOTdjZWRiXkEyXkFqcGdeQXVyNDUzOTQ5MjY@._V1_.jpg),9,[The Lord of the Rings: The Fellowship of the Ring](https://www.imdb.com/title/tt0120737/), ,🌟8.90,2001, ,"Action,Adventure,Drama", 
9,![tt0060196](https://m.media-amazon.com/images/M/MV5BNjJlYmNkZGItM2NhYy00MjlmLTk5NmQtNjg1NmM2ODU4OTMwXkEyXkFqcGdeQXVyMjUzOTY1NTc@._V1_.jpg),10,"[The Good, the Bad and the Ugly](https://www.imdb.com/title/tt0060196/)", ,🌟8.80,1966, ,"Adventure,Western", 
10,![tt15239678](https://m.media-amazon.com/images/M/MV5BN2QyZGU4ZDctOWMzMy00NTc5LThlOGQtODhmNDI1NmY5YzAwXkEyXkFqcGdeQXVyMDM2NDM2MQ@@._V1_.jpg),11,[Dune: Part Two](https://www.imdb.com/title/tt15239678/), ,🌟8.90,2024, ,"Action,Adventure,Drama", 
11,![tt0109830](https://m.media-amazon.com/images/M/MV5BNWIwODRlZTUtY2U3ZS00Yzg1LWJhNzYtMmZiYmEyNmU1NjMzXkEyXkFqcGdeQXVyMTQxNzMzNDI@._V1_.jpg),12,[Forrest Gump](https://www.imdb.com/title/tt0109830/), ,🌟8.80,1994, ,"Drama,Romance", 
12,![tt0167261](https://m.media-amazon.com/images/M/MV5BZGMxZTdjZmYtMmE2Ni00ZTdkLWI5NTgtNjlmMjBiNzU2MmI5XkEyXkFqcGdeQXVyNjU0OTQ0OTY@._V1_.jpg),13,[The Lord of the Rings: The Two Towers](https://www.imdb.com/title/tt0167261/), ,🌟8.80,2002, ,"Action,Adventure,Drama", 
13,![tt0137523](https://m.media-amazon.com/images/M/MV5BMmEzNTkxYjQtZTc0MC00YTVjLTg5ZTEtZWMwOWVlYzY0NWIwXkEyXkFqcGdeQXVyNzkwMjQ5NzM@._V1_.jpg),14,[Fight Club](https://www.imdb.com/title/tt0137523/), ,🌟8.80,1999, ,Drama, 
14,![tt1375666](https://m.media-amazon.com/images/M/MV5BMjAxMzY3NjcxNF5BMl5BanBnXkFtZTcwNTI5OTM0Mw@@._V1_.jpg),15,[Inception](https://www.imdb.com/title/tt1375666/), ,🌟8.80,2010, ,"Action,Adventure,Sci-Fi", 
15,![tt0080684](https://m.media-amazon.com/images/M/MV5BYmU1NDRjNDgtMzhiMi00NjZmLTg5NGItZDNiZjU5NTU4OTE0XkEyXkFqcGdeQXVyNzkwMjQ5NzM@._V1_.jpg),16,[Star Wars: Episode V - The Empire Strikes Back](https://www.imdb.com/title/tt0080684/), ,🌟8.70,1980, ,"Action,Adventure,Fantasy", 
16,![tt0133093](https://m.media-amazon.com/images/M/MV5BNzQzOTk3OTAtNDQ0Zi00ZTVkLWI0MTEtMDllZjNkYzNjNTc4L2ltYWdlXkEyXkFqcGdeQXVyNjU0OTQ0OTY@._V1_.jpg),17,[The Matrix](https://www.imdb.com/title/tt0133093/), ,🌟8.70,1999, ,"Action,Sci-Fi", 
17,![tt0099685](https://m.media-amazon.com/images/M/MV5BY2NkZjEzMDgtN2RjYy00YzM1LWI4ZmQtMjIwYjFjNmI3ZGEwXkEyXkFqcGdeQXVyNzkwMjQ5NzM@._V1_.jpg),18,[Goodfellas](https://www.imdb.com/title/tt0099685/), ,🌟8.70,1990, ,"Biography,Crime,Drama", 
18,![tt0073486](https://m.media-amazon.com/images/M/MV5BZjA0OWVhOTAtYWQxNi00YzNhLWI4ZjYtNjFjZTEyYjJlNDVlL2ltYWdlL2ltYWdlXkEyXkFqcGdeQXVyMTQxNzMzNDI@._V1_.jpg),19,[One Flew Over the Cuckoo's Nest](https://www.imdb.com/title/tt0073486/), ,🌟8.70,1975, ,Drama, 
19,![tt0114369](https://m.media-amazon.com/images/M/MV5BOTUwODM5MTctZjczMi00OTk4LTg3NWUtNmVhMTAzNTNjYjcyXkEyXkFqcGdeQXVyNjU0OTQ0OTY@._V1_.jpg),20,[Se7en](https://www.imdb.com/title/tt0114369/), ,🌟8.60,1995, ,"Crime,Drama,Mystery", 
20,![tt0038650](https://m.media-amazon.com/images/M/MV5BZjc4NDZhZWMtNGEzYS00ZWU2LThlM2ItNTA0YzQ0OTExMTE2XkEyXkFqcGdeQXVyNjUwMzI2NzU@._V1_.jpg),21,[It's a Wonderful Life](https://www.imdb.com/title/tt0038650/), ,🌟8.60,1946, ,"Drama,Family,Fantasy", 
21,![tt0816692](https://m.media-amazon.com/images/M/MV5BZjdkOTU3MDktN2IxOS00OGEyLWFmMjktY2FiMmZkNWIyODZiXkEyXkFqcGdeQXVyMTMxODk2OTU@._V1_.jpg),22,[Interstellar](https://www.imdb.com/title/tt0816692/), ,🌟8.70,2014, ,"Adventure,Drama,Sci-Fi", 
22,![tt0047478](https://m.media-amazon.com/images/M/MV5BNTkwY2I5NWMtMjNlNi00ZThjLWI4NzQtNDI4M2I4OGM1YjAzXkEyXkFqcGdeQXVyNzYxODE3NTQ@._V1_.jpg),23,[Seven Samurai](https://www.imdb.com/title/tt0047478/), ,🌟8.60,1954, ,"Action,Drama", 
23,![tt0102926](https://m.media-amazon.com/images/M/MV5BNjNhZTk0ZmEtNjJhMi00YzFlLWE1MmEtYzM1M2ZmMGMwMTU4XkEyXkFqcGdeQXVyNjU0OTQ0OTY@._V1_.jpg),24,[The Silence of the Lambs](https://www.imdb.com/title/tt0102926/), ,🌟8.60,1991, ,"Crime,Drama,Thriller", 
24,![tt0120815](https://m.media-amazon.com/images/M/MV5BZjhkMDM4MWItZTVjOC00ZDRhLThmYTAtM2I5NzBmNmNlMzI1XkEyXkFqcGdeQXVyNDYyMDk5MTU@._V1_.jpg),25,[Saving Private Ryan](https://www.imdb.com/title/tt0120815/), ,🌟8.60,1998, ,"Drama,War", 
25,![tt0317248](https://m.media-amazon.com/images/M/MV5BMGU5OWEwZDItNmNkMC00NzZmLTk1YTctNzVhZTJjM2NlZTVmXkEyXkFqcGdeQXVyMTMxODk2OTU@._V1_.jpg),26,[City of God](https://www.imdb.com/title/tt0317248/), ,🌟8.60,2002, ,"Crime,Drama", 
26,![tt0118799](https://m.media-amazon.com/images/M/MV5BYmJmM2Q4NmMtYThmNC00ZjRlLWEyZmItZTIwOTBlZDQ3NTQ1XkEyXkFqcGdeQXVyMTQxNzMzNDI@._V1_.jpg),27,[Life Is Beautiful](https://www.imdb.com/title/tt0118799/), ,🌟8.60,1997, ,"Comedy,Drama,Romance", 
27,![tt0120689](https://m.media-amazon.com/images/M/MV5BMTUxMzQyNjA5MF5BMl5BanBnXkFtZTYwOTU2NTY3._V1_.jpg),28,[The Green Mile](https://www.imdb.com/title/tt0120689/), ,🌟8.60,1999, ,"Crime,Drama,Fantasy", 
28,![tt0103064](https://m.media-amazon.com/images/M/MV5BMGU2NzRmZjUtOGUxYS00ZjdjLWEwZWItY2NlM2JhNjkxNTFmXkEyXkFqcGdeQXVyNjU0OTQ0OTY@._V1_.jpg),29,[Terminator 2: Judgment Day](https://www.imdb.com/title/tt0103064/), ,🌟8.60,1991, ,"Action,Adventure,Sci-Fi", 
29,![tt0076759](https://m.media-amazon.com/images/M/MV5BOTA5NjhiOTAtZWM0ZC00MWNhLThiMzEtZDFkOTk2OTU1ZDJkXkEyXkFqcGdeQXVyMTA4NDI1NTQx._V1_.jpg),30,[Star Wars: Episode IV - A New Hope](https://www.imdb.com/title/tt0076759/), ,🌟8.60,1977, ,"Action,Adventure,Fantasy", 
30,![tt0088763](https://m.media-amazon.com/images/M/MV5BZmU0M2Y1OGUtZjIxNi00ZjBkLTg1MjgtOWIyNThiZWIwYjRiXkEyXkFqcGdeQXVyMTQxNzMzNDI@._V1_.jpg),31,[Back to the Future](https://www.imdb.com/title/tt0088763/), ,🌟8.50,1985, ,"Adventure,Comedy,Sci-Fi", 
31,![tt0245429](https://m.media-amazon.com/images/M/MV5BMjlmZmI5MDctNDE2YS00YWE0LWE5ZWItZDBhYWQ0NTcxNWRhXkEyXkFqcGdeQXVyMTMxODk2OTU@._V1_.jpg),32,[Spirited Away](https://www.imdb.com/title/tt0245429/), ,🌟8.60,2001, ,"Animation,Adventure,Family", 
32,![tt0253474](https://m.media-amazon.com/images/M/MV5BOWRiZDIxZjktMTA1NC00MDQ2LWEzMjUtMTliZmY3NjQ3ODJiXkEyXkFqcGdeQXVyNjU0OTQ0OTY@._V1_.jpg),33,[The Pianist](https://www.imdb.com/title/tt0253474/), ,🌟8.50,2002, ,"Biography,Drama,Music", 
33,![tt9362722](https://m.media-amazon.com/images/M/MV5BMzI0NmVkMjEtYmY4MS00ZDMxLTlkZmEtMzU4MDQxYTMzMjU2XkEyXkFqcGdeQXVyMzQ0MzA0NTM@._V1_.jpg),34,[Spider-Man: Across the Spider-Verse](https://www.imdb.com/title/tt9362722/), ,🌟8.60,2023, ,"Animation,Action,Adventure", 
34,![tt6751668](https://m.media-amazon.com/images/M/MV5BYWZjMjk3ZTItODQ2ZC00NTY5LWE0ZDYtZTI3MjcwN2Q5NTVkXkEyXkFqcGdeQXVyODk4OTc3MTY@._V1_.jpg),35,[Parasite](https://www.imdb.com/title/tt6751668/), ,🌟8.50,2019, ,"Drama,Thriller", 
35,![tt0054215](https://m.media-amazon.com/images/M/MV5BNTQwNDM1YzItNDAxZC00NWY2LTk0M2UtNDIwNWI5OGUyNWUxXkEyXkFqcGdeQXVyNzkwMjQ5NzM@._V1_.jpg),36,[Psycho](https://www.imdb.com/title/tt0054215/), ,🌟8.50,1960, ,"Horror,Mystery,Thriller", 
36,![tt0172495](https://m.media-amazon.com/images/M/MV5BMDliMmNhNDEtODUyOS00MjNlLTgxODEtN2U3NzIxMGVkZTA1L2ltYWdlXkEyXkFqcGdeQXVyNjU0OTQ0OTY@._V1_.jpg),37,[Gladiator](https://www.imdb.com/title/tt0172495/), ,🌟8.50,2000, ,"Action,Adventure,Drama", 
37,![tt0110357](https://m.media-amazon.com/images/M/MV5BYTYxNGMyZTYtMjE3MS00MzNjLWFjNmYtMDk3N2FmM2JiM2M1XkEyXkFqcGdeQXVyNjY5NDU4NzI@._V1_.jpg),38,[The Lion King](https://www.imdb.com/title/tt0110357/), ,🌟8.50,1994, ,"Animation,Adventure,Drama", 
38,![tt0110413](https://m.media-amazon.com/images/M/MV5BOTgyMWQ0ZWUtN2Q2MS00NmY0LWI3OWMtNjFkMzZlNDZjNTk0XkEyXkFqcGdeQXVyMjUzOTY1NTc@._V1_.jpg),39,[Léon: The Professional](https://www.imdb.com/title/tt0110413/), ,🌟8.50,1994, ,"Action,Crime,Drama", 
39,![tt0407887](https://m.media-amazon.com/images/M/MV5BMTI1MTY2OTIxNV5BMl5BanBnXkFtZTYwNjQ4NjY3._V1_.jpg),40,[The Departed](https://www.imdb.com/title/tt0407887/), ,🌟8.50,2006, ,"Crime,Drama,Thriller", 
40,![tt0120586](https://m.media-amazon.com/images/M/MV5BZTJhN2FkYWEtMGI0My00YWM4LWI2MjAtM2UwNjY4MTI2ZTQyXkEyXkFqcGdeQXVyNjc3MjQzNTI@._V1_.jpg),41,[American History X](https://www.imdb.com/title/tt0120586/), ,🌟8.50,1998, ,"Crime,Drama", 
41,![tt2582802](https://m.media-amazon.com/images/M/MV5BOTA5NDZlZGUtMjAxOS00YTRkLTkwYmMtYWQ0NWEwZDZiNjEzXkEyXkFqcGdeQXVyMTMxODk2OTU@._V1_.jpg),42,[Whiplash](https://www.imdb.com/title/tt2582802/), ,🌟8.50,2014, ,"Drama,Music", 
42,![tt0482571](https://m.media-amazon.com/images/M/MV5BMjA4NDI0MTIxNF5BMl5BanBnXkFtZTYwNTM0MzY2._V1_.jpg),43,[The Prestige](https://www.imdb.com/title/tt0482571/), ,🌟8.50,2006, ,"Drama,Mystery,Sci-Fi", 
43,![tt0095327](https://m.media-amazon.com/images/M/MV5BZmY2NjUzNDQtNTgxNC00M2Q4LTljOWQtMjNjNDBjNWUxNmJlXkEyXkFqcGdeQXVyNTA4NzY1MzY@._V1_.jpg),44,[Grave of the Fireflies](https://www.imdb.com/title/tt0095327/), ,🌟8.50,1988, ,"Animation,Drama,War", 
44,![tt0056058](https://m.media-amazon.com/images/M/MV5BMWNmYzg5NWYtNzhiMS00NzlkLTgyOTUtYzM3MjY0NDc2YjFkXkEyXkFqcGdeQXVyNzkwMjQ5NzM@._V1_.jpg),45,[Harakiri](https://www.imdb.com/title/tt0056058/), ,🌟8.60,1962, ,"Action,Drama,Mystery", 
45,![tt0114814](https://m.media-amazon.com/images/M/MV5BYTViNjMyNmUtNDFkNC00ZDRlLThmMDUtZDU2YWE4NGI2ZjVmXkEyXkFqcGdeQXVyNjU0OTQ0OTY@._V1_.jpg),46,[The Usual Suspects](https://www.imdb.com/title/tt0114814/), ,🌟8.50,1995, ,"Crime,Drama,Mystery", 
46,![tt0034583](https://m.media-amazon.com/images/M/MV5BY2IzZGY2YmEtYzljNS00NTM5LTgwMzUtMzM1NjQ4NGI0OTk0XkEyXkFqcGdeQXVyNDYyMDk5MTU@._V1_.jpg),47,[Casablanca](https://www.imdb.com/title/tt0034583/), ,🌟8.50,1942, ,"Drama,Romance,War", 
47,![tt1675434](https://m.media-amazon.com/images/M/MV5BMTYxNDA3MDQwNl5BMl5BanBnXkFtZTcwNTU4Mzc1Nw@@._V1_.jpg),48,[The Intouchables](https://www.imdb.com/title/tt1675434/), ,🌟8.50,2011, ,"Comedy,Drama", 
48,![tt0095765](https://m.media-amazon.com/images/M/MV5BM2FhYjEyYmYtMDI1Yy00YTdlLWI2NWQtYmEzNzAxOGY1NjY2XkEyXkFqcGdeQXVyNTA3NTIyNDg@._V1_.jpg),49,[Cinema Paradiso](https://www.imdb.com/title/tt0095765/), ,🌟8.50,1988, ,"Drama,Romance", 
49,![tt0027977](https://m.media-amazon.com/images/M/MV5BM2VlMjY3N2UtN2ZjNC00MDg4LWI3ZGQtZmE4NjZkZjkwZmYzXkEyXkFqcGdeQXVyMTU3NDU4MDg2._V1_.jpg),50,[Modern Times](https://www.imdb.com/title/tt0027977/), ,🌟8.50,1936, ,"Comedy,Drama,Romance", 
50,![tt0047396](https://m.media-amazon.com/images/M/MV5BNGUxYWM3M2MtMGM3Mi00ZmRiLWE0NGQtZjE5ODI2OTJhNTU0XkEyXkFqcGdeQXVyMTQxNzMzNDI@._V1_.jpg),51,[Rear Window](https://www.imdb.com/title/tt0047396/), ,🌟8.50,1954, ,"Mystery,Thriller", 
51,![tt0064116](https://m.media-amazon.com/images/M/MV5BODQ3NDExOGYtMzI3Mi00NWRlLTkwNjAtNjc4MDgzZGJiZTA1XkEyXkFqcGdeQXVyMjUzOTY1NTc@._V1_.jpg),52,[Once Upon a Time in the West](https://www.imdb.com/title/tt0064116/), ,🌟8.50,1968, ,Western, 
52,![tt0078748](https://m.media-amazon.com/images/M/MV5BOGQzZTBjMjQtOTVmMS00NGE5LWEyYmMtOGQ1ZGZjNmRkYjFhXkEyXkFqcGdeQXVyMjUzOTY1NTc@._V1_.jpg),53,[Alien](https://www.imdb.com/title/tt0078748/), ,🌟8.50,1979, ,"Horror,Sci-Fi", 
53,![tt0021749](https://m.media-amazon.com/images/M/MV5BY2I4MmM1N2EtM2YzOS00OWUzLTkzYzctNDc5NDg2N2IyODJmXkEyXkFqcGdeQXVyNzkwMjQ5NzM@._V1_.jpg),54,[City Lights](https://www.imdb.com/title/tt0021749/), ,🌟8.50,1931, ,"Comedy,Drama,Romance", 
54,![tt23849204](https://m.media-amazon.com/images/M/MV5BOTJlY2U2ZmYtMzU3Ny00ZDI3LWEwMDYtOWIxNzdhZDI5ZWRkXkEyXkFqcGdeQXVyMTY3ODkyNDkz._V1_.jpg),55,[12th Fail](https://www.imdb.com/title/tt23849204/), ,🌟9.00,2023, ,"Biography,Drama", 
55,![tt0078788](https://m.media-amazon.com/images/M/MV5BYmQyNTA1ZGItNjZjMi00NzFlLWEzMWEtNWMwN2Q2MjJhYzEyXkEyXkFqcGdeQXVyMjUzOTY1NTc@._V1_.jpg),56,[Apocalypse Now](https://www.imdb.com/title/tt0078788/), ,🌟8.40,1979, ,"Drama,Mystery,War", 
56,![tt1853728](https://m.media-amazon.com/images/M/MV5BMjIyNTQ5NjQ1OV5BMl5BanBnXkFtZTcwODg1MDU4OA@@._V1_.jpg),57,[Django Unchained](https://www.imdb.com/title/tt1853728/), ,🌟8.50,2012, ,"Drama,Western", 
57,![tt0209144](https://m.media-amazon.com/images/M/MV5BZTcyNjk1MjgtOWI3Mi00YzQwLWI5MTktMzY4ZmI2NDAyNzYzXkEyXkFqcGdeQXVyNjU0OTQ0OTY@._V1_.jpg),58,[Memento](https://www.imdb.com/title/tt0209144/), ,🌟8.40,2000, ,"Mystery,Thriller", 
58,![tt0910970](https://m.media-amazon.com/images/M/MV5BMjExMTg5OTU0NF5BMl5BanBnXkFtZTcwMjMxMzMzMw@@._V1_.jpg),59,[WALL·E](https://www.imdb.com/title/tt0910970/), ,🌟8.40,2008, ,"Animation,Adventure,Family", 
59,![tt0082971](https://m.media-amazon.com/images/M/MV5BNTU2ODkyY2MtMjU1NC00NjE1LWEzYjgtMWQ3MzRhMTE0NDc0XkEyXkFqcGdeQXVyMjM4MzQ4OTQ@._V1_.jpg),60,[Raiders of the Lost Ark](https://www.imdb.com/title/tt0082971/), ,🌟8.40,1981, ,"Action,Adventure", 
60,![tt0405094](https://m.media-amazon.com/images/M/MV5BNmQyNmJjM2ItNTQzYi00ZjMxLWFjMDYtZjUyN2YwZDk5YWQ2XkEyXkFqcGdeQXVyMjUzOTY1NTc@._V1_.jpg),61,[The Lives of Others](https://www.imdb.com/title/tt0405094/), ,🌟8.40,2006, ,"Drama,Mystery,Thriller", 
61,![tt0043014](https://m.media-amazon.com/images/M/MV5BMTU0NTkyNzYwMF5BMl5BanBnXkFtZTgwMDU0NDk5MTI@._V1_.jpg),62,[Sunset Blvd.](https://www.imdb.com/title/tt0043014/), ,🌟8.40,1950, ,"Drama,Film-Noir", 
62,![tt0050825](https://m.media-amazon.com/images/M/MV5BOTI5Nzc0OTMtYzBkMS00NjkxLThmM2UtNjM2ODgxN2M5NjNkXkEyXkFqcGdeQXVyNjQ2MjQ5NzM@._V1_.jpg),63,[Paths of Glory](https://www.imdb.com/title/tt0050825/), ,🌟8.40,1957, ,"Drama,War", 
63,![tt4154756](https://m.media-amazon.com/images/M/MV5BMjMxNjY2MDU1OV5BMl5BanBnXkFtZTgwNzY1MTUwNTM@._V1_.jpg),64,[Avengers: Infinity War](https://www.imdb.com/title/tt4154756/), ,🌟8.40,2018, ,"Action,Adventure,Sci-Fi", 
64,![tt4633694](https://m.media-amazon.com/images/M/MV5BMjMwNDkxMTgzOF5BMl5BanBnXkFtZTgwNTkwNTQ3NjM@._V1_.jpg),65,[Spider-Man: Into the Spider-Verse](https://www.imdb.com/title/tt4633694/), ,🌟8.40,2018, ,"Animation,Action,Adventure", 
65,![tt0081505](https://m.media-amazon.com/images/M/MV5BZWFlYmY2MGEtZjVkYS00YzU4LTg0YjQtYzY1ZGE3NTA5NGQxXkEyXkFqcGdeQXVyMTQxNzMzNDI@._V1_.jpg),66,[The Shining](https://www.imdb.com/title/tt0081505/), ,🌟8.40,1980, ,"Drama,Horror", 
66,![tt0051201](https://m.media-amazon.com/images/M/MV5BNDQwODU5OWYtNDcyNi00MDQ1LThiOGMtZDkwNWJiM2Y3MDg0XkEyXkFqcGdeQXVyMDI2NDg0NQ@@._V1_.jpg),67,[Witness for the Prosecution](https://www.imdb.com/title/tt0051201/), ,🌟8.40,1957, ,"Crime,Drama,Mystery", 
67,![tt0032553](https://m.media-amazon.com/images/M/MV5BMmExYWJjNTktNGUyZS00ODhmLTkxYzAtNWIzOGEyMGNiMmUwXkEyXkFqcGdeQXVyNjU0OTQ0OTY@._V1_.jpg),68,[The Great Dictator](https://www.imdb.com/title/tt0032553/), ,🌟8.40,1940, ,"Comedy,Drama,War", 
68,![tt0090605](https://m.media-amazon.com/images/M/MV5BOGJkY2EyOWYtYWRmNy00ZTEzLTllMDAtYzYzYjA0ZjFhZWJjXkEyXkFqcGdeQXVyMTUzMDUzNTI3._V1_.jpg),69,[Aliens](https://www.imdb.com/title/tt0090605/), ,🌟8.40,1986, ,"Action,Adventure,Sci-Fi", 
69,![tt0361748](https://m.media-amazon.com/images/M/MV5BOTJiNDEzOWYtMTVjOC00ZjlmLWE0NGMtZmE1OWVmZDQ2OWJhXkEyXkFqcGdeQXVyNTIzOTk5ODM@._V1_.jpg),70,[Inglourious Basterds](https://www.imdb.com/title/tt0361748/), ,🌟8.40,2009, ,"Adventure,Drama,War", 
70,![tt1345836](https://m.media-amazon.com/images/M/MV5BMTk4ODQzNDY3Ml5BMl5BanBnXkFtZTcwODA0NTM4Nw@@._V1_.jpg),71,[The Dark Knight Rises](https://www.imdb.com/title/tt1345836/), ,🌟8.40,2012, ,"Action,Drama,Thriller", 
71,![tt0057012](https://m.media-amazon.com/images/M/MV5BMWMxYjZkOWUtM2FjMi00MmI1LThkNzQtNTM5Y2E2ZGQ2NGFhXkEyXkFqcGdeQXVyMTA0MTM5NjI2._V1_.jpg),72,[Dr. Strangelove or: How I Learned to Stop Worrying and Love the Bomb](https://www.imdb.com/title/tt0057012/), ,🌟8.40,1964, ,"Comedy,War", 
72,![tt0169547](https://m.media-amazon.com/images/M/MV5BNTBmZWJkNjctNDhiNC00MGE2LWEwOTctZTk5OGVhMWMyNmVhXkEyXkFqcGdeQXVyMTMxODk2OTU@._V1_.jpg),73,[American Beauty](https://www.imdb.com/title/tt0169547/), ,🌟8.30,1999, ,Drama, 
73,![tt0364569](https://m.media-amazon.com/images/M/MV5BMTI3NTQyMzU5M15BMl5BanBnXkFtZTcwMTM2MjgyMQ@@._V1_.jpg),74,[Oldboy](https://www.imdb.com/title/tt0364569/), ,🌟8.30,2003, ,"Action,Drama,Mystery", 
74,![tt2380307](https://m.media-amazon.com/images/M/MV5BYjQ5NjM0Y2YtNjZkNC00ZDhkLWJjMWItN2QyNzFkMDE3ZjAxXkEyXkFqcGdeQXVyODIxMzk5NjA@._V1_.jpg),75,[Coco](https://www.imdb.com/title/tt2380307/), ,🌟8.40,2017, ,"Animation,Adventure,Drama", 
75,![tt0086879](https://m.media-amazon.com/images/M/MV5BNWJlNzUzNGMtYTAwMS00ZjI2LWFmNWQtODcxNWUxODA5YmU1XkEyXkFqcGdeQXVyNTIzOTk5ODM@._V1_.jpg),76,[Amadeus](https://www.imdb.com/title/tt0086879/), ,🌟8.40,1984, ,"Biography,Drama,Music", 
76,![tt0114709](https://m.media-amazon.com/images/M/MV5BMDU2ZWJlMjktMTRhMy00ZTA5LWEzNDgtYmNmZTEwZTViZWJkXkEyXkFqcGdeQXVyNDQ2OTk4MzI@._V1_.jpg),77,[Toy Story](https://www.imdb.com/title/tt0114709/), ,🌟8.30,1995, ,"Animation,Adventure,Comedy", 
77,![tt0082096](https://m.media-amazon.com/images/M/MV5BNDBjMWUxNTUtNjZiNi00YzJhLTgzNzUtMTRiY2FkZmMzYTNjXkEyXkFqcGdeQXVyMTUzMDUzNTI3._V1_.jpg),78,[The Boat](https://www.imdb.com/title/tt0082096/), ,🌟8.40,1981, ,"Drama,War", 
78,![tt0112573](https://m.media-amazon.com/images/M/MV5BMzkzMmU0YTYtOWM3My00YzBmLWI0YzctOGYyNTkwMWE5MTJkXkEyXkFqcGdeQXVyNzkwMjQ5NzM@._V1_.jpg),79,[Braveheart](https://www.imdb.com/title/tt0112573/), ,🌟8.30,1995, ,"Biography,Drama,History", 
79,![tt4154796](https://m.media-amazon.com/images/M/MV5BMTc5MDE2ODcwNV5BMl5BanBnXkFtZTgwMzI2NzQ2NzM@._V1_.jpg),80,[Avengers: Endgame](https://www.imdb.com/title/tt4154796/), ,🌟8.40,2019, ,"Action,Adventure,Drama", 
80,![tt7286456](https://m.media-amazon.com/images/M/MV5BNGVjNWI4ZGUtNzE0MS00YTJmLWE0ZDctN2ZiYTk2YmI3NTYyXkEyXkFqcGdeQXVyMTkxNjUyNQ@@._V1_.jpg),81,[Joker](https://www.imdb.com/title/tt7286456/), ,🌟8.40,2019, ,"Crime,Drama,Thriller", 
81,![tt0119698](https://m.media-amazon.com/images/M/MV5BNTZkYmI0MmEtNGFlZC00OWZjLWFjMmItMjk1OWZkOWJiZGVjXkEyXkFqcGdeQXVyMTMxODk2OTU@._V1_.jpg),82,[Princess Mononoke](https://www.imdb.com/title/tt0119698/), ,🌟8.30,1997, ,"Animation,Action,Adventure", 
82,![tt0119217](https://m.media-amazon.com/images/M/MV5BOTI0MzcxMTYtZDVkMy00NjY1LTgyMTYtZmUxN2M3NmQ2NWJhXkEyXkFqcGdeQXVyMTQxNzMzNDI@._V1_.jpg),83,[Good Will Hunting](https://www.imdb.com/title/tt0119217/), ,🌟8.30,1997, ,"Drama,Romance", 
83,![tt5311514](https://m.media-amazon.com/images/M/MV5BODRmZDVmNzUtZDA4ZC00NjhkLWI2M2UtN2M0ZDIzNDcxYThjL2ltYWdlXkEyXkFqcGdeQXVyNTk0MzMzODA@._V1_.jpg),84,[Your Name.](https://www.imdb.com/title/tt5311514/), ,🌟8.40,2016, ,"Animation,Drama,Fantasy", 
84,![tt0087843](https://m.media-amazon.com/images/M/MV5BMmQzZjdmZDAtOGE2Yy00MmUwLTljYzgtZTMwMjk3ZDdiOWUyXkEyXkFqcGdeQXVyNjc5NjEzNA@@._V1_.jpg),85,[Once Upon a Time in America](https://www.imdb.com/title/tt0087843/), ,🌟8.30,1984, ,"Crime,Drama", 
85,![tt0057565](https://m.media-amazon.com/images/M/MV5BOTI4NTNhZDMtMWNkZi00MTRmLWJmZDQtMmJkMGVmZTEzODlhXkEyXkFqcGdeQXVyNjc1NTYyMjg@._V1_.jpg),86,[High and Low](https://www.imdb.com/title/tt0057565/), ,🌟8.40,1963, ,"Crime,Drama,Mystery", 
86,![tt15398776](https://m.media-amazon.com/images/M/MV5BMDBmYTZjNjUtN2M1MS00MTQ2LTk2ODgtNzc2M2QyZGE5NTVjXkEyXkFqcGdeQXVyNzAwMjU2MTY@._V1_.jpg),87,[Oppenheimer](https://www.imdb.com/title/tt15398776/), ,🌟8.40,2023, ,"Biography,Drama,History", 
87,![tt1187043](https://m.media-amazon.com/images/M/MV5BNTkyOGVjMGEtNmQzZi00NzFlLTlhOWQtODYyMDc2ZGJmYzFhXkEyXkFqcGdeQXVyNjU0OTQ0OTY@._V1_.jpg),88,[3 Idiots](https://www.imdb.com/title/tt1187043/), ,🌟8.40,2009, ,"Comedy,Drama", 
88,![tt0045152](https://m.media-amazon.com/images/M/MV5BZDRjNGViMjQtOThlMi00MTA3LThkYzQtNzJkYjBkMGE0YzE1XkEyXkFqcGdeQXVyNDYyMDk5MTU@._V1_.jpg),89,[Singin' in the Rain](https://www.imdb.com/title/tt0045152/), ,🌟8.30,1952, ,"Comedy,Musical,Romance", 
89,![tt8267604](https://m.media-amazon.com/images/M/MV5BMmExNzU2ZWMtYzUwYi00YmM2LTkxZTQtNmVhNjY0NTMyMWI2XkEyXkFqcGdeQXVyMTMxODk2OTU@._V1_.jpg),90,[Capernaum](https://www.imdb.com/title/tt8267604/), ,🌟8.40,2018, ,Drama, 
90,![tt0180093](https://m.media-amazon.com/images/M/MV5BOTdiNzJlOWUtNWMwNS00NmFlLWI0YTEtZmI3YjIzZWUyY2Y3XkEyXkFqcGdeQXVyNjU0OTQ0OTY@._V1_.jpg),91,[Requiem for a Dream](https://www.imdb.com/title/tt0180093/), ,🌟8.30,2000, ,Drama, 
91,![tt0091251](https://m.media-amazon.com/images/M/MV5BODM4Njg0NTAtYjI5Ny00ZjAxLTkwNmItZTMxMWU5M2U3M2RjXkEyXkFqcGdeQXVyNzkwMjQ5NzM@._V1_.jpg),92,[Come and See](https://www.imdb.com/title/tt0091251/), ,🌟8.40,1985, ,"Drama,Thriller,War", 
92,![tt0435761](https://m.media-amazon.com/images/M/MV5BMTgxOTY4Mjc0MF5BMl5BanBnXkFtZTcwNTA4MDQyMw@@._V1_.jpg),93,[Toy Story 3](https://www.imdb.com/title/tt0435761/), ,🌟8.30,2010, ,"Animation,Adventure,Comedy", 
93,![tt0086190](https://m.media-amazon.com/images/M/MV5BOWZlMjFiYzgtMTUzNC00Y2IzLTk1NTMtZmNhMTczNTk0ODk1XkEyXkFqcGdeQXVyNTAyODkwOQ@@._V1_.jpg),94,[Star Wars: Episode VI - Return of the Jedi](https://www.imdb.com/title/tt0086190/), ,🌟8.30,1983, ,"Action,Adventure,Fantasy", 
94,![tt0338013](https://m.media-amazon.com/images/M/MV5BMTY4NzcwODg3Nl5BMl5BanBnXkFtZTcwNTEwOTMyMw@@._V1_.jpg),95,[Eternal Sunshine of the Spotless Mind](https://www.imdb.com/title/tt0338013/), ,🌟8.30,2004, ,"Drama,Romance,Sci-Fi", 
95,![tt2106476](https://m.media-amazon.com/images/M/MV5BMTg2NDg3ODg4NF5BMl5BanBnXkFtZTcwNzk3NTc3Nw@@._V1_.jpg),96,[The Hunt](https://www.imdb.com/title/tt2106476/), ,🌟8.30,2012, ,Drama, 
96,![tt0062622](https://m.media-amazon.com/images/M/MV5BMmNlYzRiNDctZWNhMi00MzI4LThkZTctMTUzMmZkMmFmNThmXkEyXkFqcGdeQXVyNzkwMjQ5NzM@._V1_.jpg),97,[2001: A Space Odyssey](https://www.imdb.com/title/tt0062622/), ,🌟8.30,1968, ,"Adventure,Sci-Fi", 
97,![tt0105236](https://m.media-amazon.com/images/M/MV5BZmExNmEwYWItYmQzOS00YjA5LTk2MjktZjEyZDE1Y2QxNjA1XkEyXkFqcGdeQXVyMTQxNzMzNDI@._V1_.jpg),98,[Reservoir Dogs](https://www.imdb.com/title/tt0105236/), ,🌟8.30,1992, ,"Crime,Thriller", 
98,![tt0044741](https://m.media-amazon.com/images/M/MV5BYWM1YmZkNTctZDAwNy00ZTY4LWFjMTktYzU4ZjViMmU1OTJmXkEyXkFqcGdeQXVyMTA0MTM5NjI2._V1_.jpg),99,[Ikiru](https://www.imdb.com/title/tt0044741/), ,🌟8.30,1952, ,Drama, 
99,![tt0056172](https://m.media-amazon.com/images/M/MV5BYWY5ZjhjNGYtZmI2Ny00ODM0LWFkNzgtZmI1YzA2N2MxMzA0XkEyXkFqcGdeQXVyNjUwNzk3NDc@._V1_.jpg),100,[Lawrence of Arabia](https://www.imdb.com/title/tt0056172/), ,🌟8.30,1962, ,"Adventure,Biography,Drama", 
100,![tt0053604](https://m.media-amazon.com/images/M/MV5BNzkwODFjNzItMmMwNi00MTU5LWE2MzktM2M4ZDczZGM1MmViXkEyXkFqcGdeQXVyNDY2MTk1ODk@._V1_.jpg),101,[The Apartment](https://www.imdb.com/title/tt0053604/), ,🌟8.30,1960, ,"Comedy,Drama,Romance", 
101,![tt0053125](https://m.media-amazon.com/images/M/MV5BZDA3NDExMTUtMDlhOC00MmQ5LWExZGUtYmI1NGVlZWI4OWNiXkEyXkFqcGdeQXVyNjc1NTYyMjg@._V1_.jpg),102,[North by Northwest](https://www.imdb.com/title/tt0053125/), ,🌟8.30,1959, ,"Action,Adventure,Mystery", 
102,![tt0033467](https://m.media-amazon.com/images/M/MV5BYjBiOTYxZWItMzdiZi00NjlkLWIzZTYtYmFhZjhiMTljOTdkXkEyXkFqcGdeQXVyNzkwMjQ5NzM@._V1_.jpg),103,[Citizen Kane](https://www.imdb.com/title/tt0033467/), ,🌟8.30,1941, ,"Drama,Mystery", 
103,![tt0022100](https://m.media-amazon.com/images/M/MV5BODA4ODk3OTEzMF5BMl5BanBnXkFtZTgwMTQ2ODMwMzE@._V1_.jpg),104,[M](https://www.imdb.com/title/tt0022100/), ,🌟8.30,1931, ,"Crime,Mystery,Thriller", 
104,![tt0052357](https://m.media-amazon.com/images/M/MV5BYTE4ODEwZDUtNDFjOC00NjAxLWEzYTQtYTI1NGVmZmFlNjdiL2ltYWdlL2ltYWdlXkEyXkFqcGdeQXVyNjc1NTYyMjg@._V1_.jpg),105,[Vertigo](https://www.imdb.com/title/tt0052357/), ,🌟8.30,1958, ,"Mystery,Romance,Thriller", 
105,![tt0036775](https://m.media-amazon.com/images/M/MV5BOTdlNjgyZGUtOTczYi00MDdhLTljZmMtYTEwZmRiOWFkYjRhXkEyXkFqcGdeQXVyNDY2MTk1ODk@._V1_.jpg),106,[Double Indemnity](https://www.imdb.com/title/tt0036775/), ,🌟8.30,1944, ,"Crime,Drama,Film-Noir", 
106,![tt1255953](https://m.media-amazon.com/images/M/MV5BMWE3MGYzZjktY2Q5Mi00Y2NiLWIyYWUtMmIyNzA3YmZlMGFhXkEyXkFqcGdeQXVyMTMxODk2OTU@._V1_.jpg),107,[Incendies](https://www.imdb.com/title/tt1255953/), ,🌟8.30,2010, ,"Drama,Mystery,War", 
107,![tt0086250](https://m.media-amazon.com/images/M/MV5BNjdjNGQ4NDEtNTEwYS00MTgxLTliYzQtYzE2ZDRiZjFhZmNlXkEyXkFqcGdeQXVyNjU0OTQ0OTY@._V1_.jpg),108,[Scarface](https://www.imdb.com/title/tt0086250/), ,🌟8.30,1983, ,"Crime,Drama", 
108,![tt0211915](https://m.media-amazon.com/images/M/MV5BNDg4NjM1YjMtYmNhZC00MjM0LWFiZmYtNGY1YjA3MzZmODc5XkEyXkFqcGdeQXVyNDk3NzU2MTQ@._V1_.jpg),109,[Amélie](https://www.imdb.com/title/tt0211915/), ,🌟8.30,2001, ,"Comedy,Romance", 
109,![tt0093058](https://m.media-amazon.com/images/M/MV5BNzkxODk0NjEtYjc4Mi00ZDI0LTgyYjEtYzc1NDkxY2YzYTgyXkEyXkFqcGdeQXVyNzkwMjQ5NzM@._V1_.jpg),110,[Full Metal Jacket](https://www.imdb.com/title/tt0093058/), ,🌟8.30,1987, ,"Drama,War", 
110,![tt0066921](https://m.media-amazon.com/images/M/MV5BMTY3MjM1Mzc4N15BMl5BanBnXkFtZTgwODM0NzAxMDE@._V1_.jpg),111,[A Clockwork Orange](https://www.imdb.com/title/tt0066921/), ,🌟8.30,1971, ,"Crime,Sci-Fi", 
111,![tt0113277](https://m.media-amazon.com/images/M/MV5BYjZjNTJlZGUtZTE1Ny00ZDc4LTgwYjUtMzk0NDgwYzZjYTk1XkEyXkFqcGdeQXVyNjU0OTQ0OTY@._V1_.jpg),112,[Heat](https://www.imdb.com/title/tt0113277/), ,🌟8.30,1995, ,"Action,Crime,Drama", 
112,![tt1049413](https://m.media-amazon.com/images/M/MV5BYjBkM2RjMzItM2M3Ni00N2NjLWE3NzMtMGY4MzE4MDAzMTRiXkEyXkFqcGdeQXVyNDUzOTQ5MjY@._V1_.jpg),113,[Up](https://www.imdb.com/title/tt1049413/), ,🌟8.30,2009, ,"Animation,Adventure,Comedy", 
113,![tt0056592](https://m.media-amazon.com/images/M/MV5BNmVmYzcwNzMtMWM1NS00MWIyLThlMDEtYzUwZDgzODE1NmE2XkEyXkFqcGdeQXVyNzkwMjQ5NzM@._V1_.jpg),114,[To Kill a Mockingbird](https://www.imdb.com/title/tt0056592/), ,🌟8.30,1962, ,"Crime,Drama", 
114,![tt0070735](https://m.media-amazon.com/images/M/MV5BNGU3NjQ4YTMtZGJjOS00YTQ3LThmNmItMTI5MDE2ODI3NzY3XkEyXkFqcGdeQXVyMjUzOTY1NTc@._V1_.jpg),115,[The Sting](https://www.imdb.com/title/tt0070735/), ,🌟8.30,1973, ,"Comedy,Crime,Drama", 
115,![tt1832382](https://m.media-amazon.com/images/M/MV5BN2JmMjViMjMtZTM5Mi00ZGZkLTk5YzctZDg5MjFjZDE4NjNkXkEyXkFqcGdeQXVyMTMxODk2OTU@._V1_.jpg),116,[A Separation](https://www.imdb.com/title/tt1832382/), ,🌟8.30,2011, ,Drama, 
116,![tt0097576](https://m.media-amazon.com/images/M/MV5BY2Q0ODg4ZmItNDZiYi00ZWY5LTg2NzctNmYwZjA5OThmNzE1XkEyXkFqcGdeQXVyMjM4MzQ4OTQ@._V1_.jpg),117,[Indiana Jones and the Last Crusade](https://www.imdb.com/title/tt0097576/), ,🌟8.20,1989, ,"Action,Adventure", 
117,![tt0095016](https://m.media-amazon.com/images/M/MV5BZjRlNDUxZjAtOGQ4OC00OTNlLTgxNmQtYTBmMDgwZmNmNjkxXkEyXkFqcGdeQXVyNzkwMjQ5NzM@._V1_.jpg),118,[Die Hard](https://www.imdb.com/title/tt0095016/), ,🌟8.20,1988, ,"Action,Thriller", 
118,![tt0017136](https://m.media-amazon.com/images/M/MV5BMTg5YWIyMWUtZDY5My00Zjc1LTljOTctYmI0MWRmY2M2NmRkXkEyXkFqcGdeQXVyMTMxODk2OTU@._V1_.jpg),119,[Metropolis](https://www.imdb.com/title/tt0017136/), ,🌟8.30,1927, ,"Drama,Sci-Fi", 
119,![tt0986264](https://m.media-amazon.com/images/M/MV5BYjY0MGU3MmQtMGVhOS00M2IyLWI1MTktZGUxMzBjMTE5ZDA3XkEyXkFqcGdeQXVyNjU0OTQ0OTY@._V1_.jpg),120,[Like Stars on Earth](https://www.imdb.com/title/tt0986264/), ,🌟8.30,2007, ,"Drama,Family", 
120,![tt8503618](https://m.media-amazon.com/images/M/MV5BNjViNWRjYWEtZTI0NC00N2E3LTk0NGQtMjY4NTM3OGNkZjY0XkEyXkFqcGdeQXVyMjUxMTY3ODM@._V1_.jpg),121,[Hamilton](https://www.imdb.com/title/tt8503618/), ,🌟8.30,2020, ,"Biography,Drama,History", 
121,![tt0208092](https://m.media-amazon.com/images/M/MV5BMTA2NDYxOGYtYjU1Mi00Y2QzLTgxMTQtMWI1MGI0ZGQ5MmU4XkEyXkFqcGdeQXVyNDk3NzU2MTQ@._V1_.jpg),122,[Snatch](https://www.imdb.com/title/tt0208092/), ,🌟8.20,2000, ,"Comedy,Crime", 
122,![tt0119488](https://m.media-amazon.com/images/M/MV5BMDQ2YzEyZGItYWRhOS00MjBmLTkzMDUtMTdjYzkyMmQxZTJlXkEyXkFqcGdeQXVyNjU0OTQ0OTY@._V1_.jpg),123,[L.A. Confidential](https://www.imdb.com/title/tt0119488/), ,🌟8.20,1997, ,"Crime,Drama,Mystery", 
123,![tt0040522](https://m.media-amazon.com/images/M/MV5BNmI1ODdjODctMDlmMC00ZWViLWI5MzYtYzRhNDdjYmM3MzFjXkEyXkFqcGdeQXVyMTMxODk2OTU@._V1_.jpg),124,[Bicycle Thieves](https://www.imdb.com/title/tt0040522/), ,🌟8.30,1948, ,Drama, 
124,![tt8579674](https://m.media-amazon.com/images/M/MV5BOTdmNTFjNDEtNzg0My00ZjkxLTg1ZDAtZTdkMDc2ZmFiNWQ1XkEyXkFqcGdeQXVyNTAzNzgwNTg@._V1_.jpg),125,[1917](https://www.imdb.com/title/tt8579674/), ,🌟8.20,2019, ,"Action,Drama,War", 
125,![tt0075314](https://m.media-amazon.com/images/M/MV5BM2M1MmVhNDgtNmI0YS00ZDNmLTkyNjctNTJiYTQ2N2NmYzc2XkEyXkFqcGdeQXVyNzkwMjQ5NzM@._V1_.jpg),126,[Taxi Driver](https://www.imdb.com/title/tt0075314/), ,🌟8.20,1976, ,"Crime,Drama", 
126,![tt0363163](https://m.media-amazon.com/images/M/MV5BMTU0NTU5NTAyMl5BMl5BanBnXkFtZTYwNzYwMDg2._V1_.jpg),127,[Downfall](https://www.imdb.com/title/tt0363163/), ,🌟8.20,2004, ,"Biography,Drama,History", 
127,![tt5074352](https://m.media-amazon.com/images/M/MV5BMTQ4MzQzMzM2Nl5BMl5BanBnXkFtZTgwMTQ1NzU3MDI@._V1_.jpg),128,[Dangal](https://www.imdb.com/title/tt5074352/), ,🌟8.30,2016, ,"Action,Biography,Drama", 
128,![tt0059578](https://m.media-amazon.com/images/M/MV5BMzJlZTNkYjQtMTE1OS00YTJlLTgxNjItYzg4NTllODdkMzBiXkEyXkFqcGdeQXVyMjUzOTY1NTc@._V1_.jpg),129,[For a Few Dollars More](https://www.imdb.com/title/tt0059578/), ,🌟8.20,1965, ,"Drama,Western", 
129,![tt0372784](https://m.media-amazon.com/images/M/MV5BOTY4YjI2N2MtYmFlMC00ZjcyLTg3YjEtMDQyM2ZjYzQ5YWFkXkEyXkFqcGdeQXVyMTQxNzMzNDI@._V1_.jpg),130,[Batman Begins](https://www.imdb.com/title/tt0372784/), ,🌟8.20,2005, ,"Action,Crime,Drama", 
130,![tt0993846](https://m.media-amazon.com/images/M/MV5BMjIxMjgxNTk0MF5BMl5BanBnXkFtZTgwNjIyOTg2MDE@._V1_.jpg),131,[The Wolf of Wall Street](https://www.imdb.com/title/tt0993846/), ,🌟8.20,2013, ,"Biography,Comedy,Crime", 
131,![tt0053291](https://m.media-amazon.com/images/M/MV5BNzAyOGIxYjAtMGY2NC00ZTgyLWIwMWEtYzY0OWQ4NDFjOTc5XkEyXkFqcGdeQXVyNjU0OTQ0OTY@._V1_.jpg),132,[Some Like It Hot](https://www.imdb.com/title/tt0053291/), ,🌟8.20,1959, ,"Comedy,Music,Romance", 
132,![tt0012349](https://m.media-amazon.com/images/M/MV5BZjhhMThhNDItNTY2MC00MmU1LTliNDEtNDdhZjdlNTY5ZDQ1XkEyXkFqcGdeQXVyNjc1NTYyMjg@._V1_.jpg),133,[The Kid](https://www.imdb.com/title/tt0012349/), ,🌟8.20,1921, ,"Comedy,Drama,Family", 
133,![tt6966692](https://m.media-amazon.com/images/M/MV5BYzIzYmJlYTYtNGNiYy00N2EwLTk4ZjItMGYyZTJiOTVkM2RlXkEyXkFqcGdeQXVyODY1NDk1NjE@._V1_.jpg),134,[Green Book](https://www.imdb.com/title/tt6966692/), ,🌟8.20,2018, ,"Biography,Comedy,Drama", 
134,![tt10272386](https://m.media-amazon.com/images/M/MV5BZGJhNWRiOWQtMjI4OS00ZjcxLTgwMTAtMzQ2ODkxY2JkOTVlXkEyXkFqcGdeQXVyMTkxNjUyNQ@@._V1_.jpg),135,[The Father](https://www.imdb.com/title/tt10272386/), ,🌟8.20,2020, ,"Drama,Mystery", 
135,![tt1745960](https://m.media-amazon.com/images/M/MV5BZWYzOGEwNTgtNWU3NS00ZTQ0LWJkODUtMmVhMjIwMjA1ZmQwXkEyXkFqcGdeQXVyMjkwOTAyMDU@._V1_.jpg),136,[Top Gun: Maverick](https://www.imdb.com/title/tt1745960/), ,🌟8.20,2022, ,"Action,Drama", 
136,![tt0055031](https://m.media-amazon.com/images/M/MV5BNDc2ODQ5NTE2MV5BMl5BanBnXkFtZTcwODExMjUyNA@@._V1_.jpg),137,[Judgment at Nuremberg](https://www.imdb.com/title/tt0055031/), ,🌟8.30,1961, ,"Drama,War", 
137,![tt0042192](https://m.media-amazon.com/images/M/MV5BYmE1M2Y3NTYtYTI0Mi00N2JlLTkzMzItOTY1MTlhNWNkMDgzXkEyXkFqcGdeQXVyMTUzMDUzNTI3._V1_.jpg),138,[All About Eve](https://www.imdb.com/title/tt0042192/), ,🌟8.20,1950, ,Drama, 
138,![tt0120382](https://m.media-amazon.com/images/M/MV5BMDIzODcyY2EtMmY2MC00ZWVlLTgwMzAtMjQwOWUyNmJjNTYyXkEyXkFqcGdeQXVyNDk3NzU2MTQ@._V1_.jpg),139,[The Truman Show](https://www.imdb.com/title/tt0120382/), ,🌟8.20,1998, ,"Comedy,Drama", 
139,![tt0469494](https://m.media-amazon.com/images/M/MV5BMjAxODQ4MDU5NV5BMl5BanBnXkFtZTcwMDU4MjU1MQ@@._V1_.jpg),140,[There Will Be Blood](https://www.imdb.com/title/tt0469494/), ,🌟8.20,2007, ,Drama, 
140,![tt1130884](https://m.media-amazon.com/images/M/MV5BYzhiNDkyNzktNTZmYS00ZTBkLTk2MDAtM2U0YjU1MzgxZjgzXkEyXkFqcGdeQXVyMTMxODk2OTU@._V1_.jpg),141,[Shutter Island](https://www.imdb.com/title/tt1130884/), ,🌟8.20,2010, ,"Mystery,Thriller", 
141,![tt0112641](https://m.media-amazon.com/images/M/MV5BMTcxOWYzNDYtYmM4YS00N2NkLTk0NTAtNjg1ODgwZjAxYzI3XkEyXkFqcGdeQXVyNTA4NzY1MzY@._V1_.jpg),142,[Casino](https://www.imdb.com/title/tt0112641/), ,🌟8.20,1995, ,"Crime,Drama", 
142,![tt0089881](https://m.media-amazon.com/images/M/MV5BMmU1NGYwZWYtOWExNi00ZTEyLTgwMmUtM2ZlMDVjNWM4YjVlXkEyXkFqcGdeQXVyMjUzOTY1NTc@._V1_.jpg),143,[Ran](https://www.imdb.com/title/tt0089881/), ,🌟8.20,1985, ,"Action,Drama,War", 
143,![tt0107290](https://m.media-amazon.com/images/M/MV5BMjM2MDgxMDg0Nl5BMl5BanBnXkFtZTgwNTM2OTM5NDE@._V1_.jpg),144,[Jurassic Park](https://www.imdb.com/title/tt0107290/), ,🌟8.20,1993, ,"Action,Adventure,Sci-Fi", 
144,![tt0167404](https://m.media-amazon.com/images/M/MV5BMWM4NTFhYjctNzUyNi00NGMwLTk3NTYtMDIyNTZmMzRlYmQyXkEyXkFqcGdeQXVyMTAwMzUyOTc@._V1_.jpg),145,[The Sixth Sense](https://www.imdb.com/title/tt0167404/), ,🌟8.20,1999, ,"Drama,Mystery,Thriller", 
145,![tt0457430](https://m.media-amazon.com/images/M/MV5BYzFjMThiMGItOWRlMC00MDI4LThmOGUtYTNlZGZiYWI1YjMyXkEyXkFqcGdeQXVyMjUzOTY1NTc@._V1_.jpg),146,[Pan's Labyrinth](https://www.imdb.com/title/tt0457430/), ,🌟8.20,2006, ,"Drama,Fantasy,War", 
146,![tt0105695](https://m.media-amazon.com/images/M/MV5BODM3YWY4NmQtN2Y3Ni00OTg0LWFhZGQtZWE3ZWY4MTJlOWU4XkEyXkFqcGdeQXVyNjU0OTQ0OTY@._V1_.jpg),147,[Unforgiven](https://www.imdb.com/title/tt0105695/), ,🌟8.20,1992, ,"Drama,Western", 
147,![tt0268978](https://m.media-amazon.com/images/M/MV5BMzcwYWFkYzktZjAzNC00OGY1LWI4YTgtNzc5MzVjMDVmNjY0XkEyXkFqcGdeQXVyMTQxNzMzNDI@._V1_.jpg),148,[A Beautiful Mind](https://www.imdb.com/title/tt0268978/), ,🌟8.20,2001, ,"Biography,Drama,Mystery", 
148,![tt0477348](https://m.media-amazon.com/images/M/MV5BMjA5Njk3MjM4OV5BMl5BanBnXkFtZTcwMTc5MTE1MQ@@._V1_.jpg),149,[No Country for Old Men](https://www.imdb.com/title/tt0477348/), ,🌟8.20,2007, ,"Crime,Drama,Thriller", 
149,![tt0084787](https://m.media-amazon.com/images/M/MV5BNGViZWZmM2EtNGYzZi00ZDAyLTk3ODMtNzIyZTBjN2Y1NmM1XkEyXkFqcGdeQXVyNTAyODkwOQ@@._V1_.jpg),150,[The Thing](https://www.imdb.com/title/tt0084787/), ,🌟8.20,1982, ,"Horror,Mystery,Sci-Fi", 
150,![tt0040897](https://m.media-amazon.com/images/M/MV5BOTJlZWMxYzEtMjlkMS00ODE0LThlM2ItMDI3NGQ2YjhmMzkxXkEyXkFqcGdeQXVyMDI2NDg0NQ@@._V1_.jpg),151,[The Treasure of the Sierra Madre](https://www.imdb.com/title/tt0040897/), ,🌟8.20,1948, ,"Adventure,Drama,Western", 
151,![tt0266697](https://m.media-amazon.com/images/M/MV5BNzM3NDFhYTAtYmU5Mi00NGRmLTljYjgtMDkyODQ4MjNkMGY2XkEyXkFqcGdeQXVyNzkwMjQ5NzM@._V1_.jpg),152,[Kill Bill: Vol. 1](https://www.imdb.com/title/tt0266697/), ,🌟8.20,2003, ,"Action,Crime,Thriller", 
152,![tt0055630](https://m.media-amazon.com/images/M/MV5BZThiZjAzZjgtNDU3MC00YThhLThjYWUtZGRkYjc2ZWZlOTVjXkEyXkFqcGdeQXVyNTA4NzY1MzY@._V1_.jpg),153,[Yojimbo](https://www.imdb.com/title/tt0055630/), ,🌟8.20,1961, ,"Action,Drama,Thriller", 
153,![tt0071853](https://m.media-amazon.com/images/M/MV5BN2IyNTE4YzUtZWU0Mi00MGIwLTgyMmQtMzQ4YzQxYWNlYWE2XkEyXkFqcGdeQXVyNjU0OTQ0OTY@._V1_.jpg),154,[Monty Python and the Holy Grail](https://www.imdb.com/title/tt0071853/), ,🌟8.20,1975, ,"Adventure,Comedy,Fantasy", 
154,![tt0057115](https://m.media-amazon.com/images/M/MV5BNzA2NmYxMWUtNzBlMC00MWM2LTkwNmQtYTFlZjQwODNhOWE0XkEyXkFqcGdeQXVyNTIzOTk5ODM@._V1_.jpg),155,[The Great Escape](https://www.imdb.com/title/tt0057115/), ,🌟8.20,1963, ,"Adventure,Drama,History", 
155,![tt0266543](https://m.media-amazon.com/images/M/MV5BZmYxZjg3OWEtNzg5Yi00M2YzLWI1YzYtYTQ0NTgwNzhjN2E1XkEyXkFqcGdeQXVyNDUyOTg3Njg@._V1_.jpg),156,[Finding Nemo](https://www.imdb.com/title/tt0266543/), ,🌟8.20,2003, ,"Animation,Adventure,Comedy", 
156,![tt0042876](https://m.media-amazon.com/images/M/MV5BMjEzMzA4NDE2OF5BMl5BanBnXkFtZTcwNTc5MDI2NQ@@._V1_.jpg),157,[Rashomon](https://www.imdb.com/title/tt0042876/), ,🌟8.20,1950, ,"Crime,Drama,Mystery", 
157,![tt0347149](https://m.media-amazon.com/images/M/MV5BNmM4YTFmMmItMGE3Yy00MmRkLTlmZGEtMzZlOTQzYjk3MzA2XkEyXkFqcGdeQXVyMTMxODk2OTU@._V1_.jpg),158,[Howl's Moving Castle](https://www.imdb.com/title/tt0347149/), ,🌟8.20,2004, ,"Animation,Adventure,Family", 
158,![tt1392214](https://m.media-amazon.com/images/M/MV5BMTg0NTIzMjQ1NV5BMl5BanBnXkFtZTcwNDc3MzM5OQ@@._V1_.jpg),159,[Prisoners](https://www.imdb.com/title/tt1392214/), ,🌟8.20,2013, ,"Crime,Drama,Mystery", 
159,![tt0080678](https://m.media-amazon.com/images/M/MV5BMDVjNjIwOGItNDE3Ny00OThjLWE0NzQtZTU3YjMzZTZjMzhkXkEyXkFqcGdeQXVyMTQxNzMzNDI@._V1_.jpg),160,[The Elephant Man](https://www.imdb.com/title/tt0080678/), ,🌟8.20,1980, ,"Biography,Drama", 
160,![tt0071315](https://m.media-amazon.com/images/M/MV5BMjJkMDZhYzItZTFhMi00ZGI4LThlNTAtZDNlYmEwNjFkNDYzXkEyXkFqcGdeQXVyMjUzOTY1NTc@._V1_.jpg),161,[Chinatown](https://www.imdb.com/title/tt0071315/), ,🌟8.10,1974, ,"Drama,Mystery,Thriller", 
161,![tt0046912](https://m.media-amazon.com/images/M/MV5BOWIwODIxYWItZDI4MS00YzhhLWE3MmYtMzlhZDIwOTMzZmE5L2ltYWdlXkEyXkFqcGdeQXVyNjc1NTYyMjg@._V1_.jpg),162,[Dial M for Murder](https://www.imdb.com/title/tt0046912/), ,🌟8.20,1954, ,"Crime,Thriller", 
162,![tt0031381](https://m.media-amazon.com/images/M/MV5BYjUyZWZkM2UtMzYxYy00ZmQ3LWFmZTQtOGE2YjBkNjA3YWZlXkEyXkFqcGdeQXVyNzkwMjQ5NzM@._V1_.jpg),163,[Gone with the Wind](https://www.imdb.com/title/tt0031381/), ,🌟8.20,1939, ,"Drama,Romance,War", 
163,![tt0434409](https://m.media-amazon.com/images/M/MV5BOTI5ODc3NzExNV5BMl5BanBnXkFtZTcwNzYxNzQzMw@@._V1_.jpg),164,[V for Vendetta](https://www.imdb.com/title/tt0434409/), ,🌟8.20,2005, ,"Action,Drama,Sci-Fi", 
164,![tt0120735](https://m.media-amazon.com/images/M/MV5BMTAyN2JmZmEtNjAyMy00NzYwLThmY2MtYWQ3OGNhNjExMmM4XkEyXkFqcGdeQXVyNDk3NzU2MTQ@._V1_.jpg),165,"[Lock, Stock and Two Smoking Barrels](https://www.imdb.com/title/tt0120735/)", ,🌟8.10,1998, ,"Action,Comedy,Crime", 
165,![tt1305806](https://m.media-amazon.com/images/M/MV5BMTgwNTI3OTczOV5BMl5BanBnXkFtZTcwMTM3MTUyMw@@._V1_.jpg),166,[The Secret in Their Eyes](https://www.imdb.com/title/tt1305806/), ,🌟8.20,2009, ,"Drama,Mystery,Romance", 
166,![tt0081398](https://m.media-amazon.com/images/M/MV5BYjRmODkzNDItMTNhNi00YjJlLTg0ZjAtODlhZTM0YzgzYThlXkEyXkFqcGdeQXVyNzQ1ODk3MTQ@._V1_.jpg),167,[Raging Bull](https://www.imdb.com/title/tt0081398/), ,🌟8.10,1980, ,"Biography,Drama,Sport", 
167,![tt2096673](https://m.media-amazon.com/images/M/MV5BOTgxMDQwMDk0OF5BMl5BanBnXkFtZTgwNjU5OTg2NDE@._V1_.jpg),168,[Inside Out](https://www.imdb.com/title/tt2096673/), ,🌟8.10,2015, ,"Animation,Adventure,Comedy", 
168,![tt5027774](https://m.media-amazon.com/images/M/MV5BMjI0ODcxNzM1N15BMl5BanBnXkFtZTgwMzIwMTEwNDI@._V1_.jpg),169,"[Three Billboards Outside Ebbing, Missouri](https://www.imdb.com/title/tt5027774/)", ,🌟8.10,2017, ,"Comedy,Crime,Drama", 
169,![tt0117951](https://m.media-amazon.com/images/M/MV5BMzA5Zjc3ZTMtMmU5YS00YTMwLWI4MWUtYTU0YTVmNjVmODZhXkEyXkFqcGdeQXVyNjU0OTQ0OTY@._V1_.jpg),170,[Trainspotting](https://www.imdb.com/title/tt0117951/), ,🌟8.10,1996, ,Drama, 
170,![tt0050212](https://m.media-amazon.com/images/M/MV5BOGY5NmNlMmQtYzRlYy00NGQ5LWFkYjYtNzExZmQyMTg0ZDA0XkEyXkFqcGdeQXVyNDIzMzcwNjc@._V1_.jpg),171,[The Bridge on the River Kwai](https://www.imdb.com/title/tt0050212/), ,🌟8.10,1957, ,"Adventure,Drama,War", 
171,![tt10872600](https://m.media-amazon.com/images/M/MV5BZWMyYzFjYTYtNTRjYi00OGExLWE2YzgtOGRmYjAxZTU3NzBiXkEyXkFqcGdeQXVyMzQ0MzA0NTM@._V1_.jpg),172,[Spider-Man: No Way Home](https://www.imdb.com/title/tt10872600/), ,🌟8.20,2021, ,"Action,Adventure,Fantasy", 
172,![tt0116282](https://m.media-amazon.com/images/M/MV5BNDJiZDgyZjctYmRjMS00ZjdkLTkwMTEtNGU1NDg3NDQ0Yzk1XkEyXkFqcGdeQXVyNzkwMjQ5NzM@._V1_.jpg),173,[Fargo](https://www.imdb.com/title/tt0116282/), ,🌟8.10,1996, ,"Crime,Thriller", 
173,![tt4729430](https://m.media-amazon.com/images/M/MV5BMWYwOThjM2ItZGYxNy00NTQwLWFlZWEtM2MzM2Q5MmY3NDU5XkEyXkFqcGdeQXVyMTkxNjUyNQ@@._V1_.jpg),174,[Klaus](https://www.imdb.com/title/tt4729430/), ,🌟8.20,2019, ,"Animation,Adventure,Comedy", 
174,![tt1291584](https://m.media-amazon.com/images/M/MV5BMTk4ODk5MTMyNV5BMl5BanBnXkFtZTcwMDMyNTg0Ng@@._V1_.jpg),175,[Warrior](https://www.imdb.com/title/tt1291584/), ,🌟8.10,2011, ,"Action,Drama,Sport", 
175,![tt0264464](https://m.media-amazon.com/images/M/MV5BMTY5MzYzNjc5NV5BMl5BanBnXkFtZTYwNTUyNTc2._V1_.jpg),176,[Catch Me If You Can](https://www.imdb.com/title/tt0264464/), ,🌟8.10,2002, ,"Biography,Crime,Drama", 
176,![tt23289160](https://m.media-amazon.com/images/M/MV5BOTI5MjNjMTMtN2NiNC00YjBlLTgzMWQtMGRhZDZkYmY1NGU2XkEyXkFqcGdeQXVyNTgyNTA4MjM@._V1_.jpg),177,[Godzilla Minus One](https://www.imdb.com/title/tt23289160/), ,🌟8.30,2023, ,"Action,Adventure,Drama", 
177,![tt1205489](https://m.media-amazon.com/images/M/MV5BMTc5NTk2OTU1Nl5BMl5BanBnXkFtZTcwMDc3NjAwMg@@._V1_.jpg),178,[Gran Torino](https://www.imdb.com/title/tt1205489/), ,🌟8.10,2008, ,Drama, 
178,![tt0096283](https://m.media-amazon.com/images/M/MV5BYzJjMTYyMjQtZDI0My00ZjE2LTkyNGYtOTllNGQxNDMyZjE0XkEyXkFqcGdeQXVyMTMxODk2OTU@._V1_.jpg),179,[My Neighbor Totoro](https://www.imdb.com/title/tt0096283/), ,🌟8.10,1988, ,"Animation,Comedy,Family", 
179,![tt0405159](https://m.media-amazon.com/images/M/MV5BMTkxNzA1NDQxOV5BMl5BanBnXkFtZTcwNTkyMTIzMw@@._V1_.jpg),180,[Million Dollar Baby](https://www.imdb.com/title/tt0405159/), ,🌟8.10,2004, ,"Drama,Sport", 
180,![tt1201607](https://m.media-amazon.com/images/M/MV5BMGVmMWNiMDktYjQ0Mi00MWIxLTk0N2UtN2ZlYTdkN2IzNDNlXkEyXkFqcGdeQXVyODE5NzE3OTE@._V1_.jpg),181,[Harry Potter and the Deathly Hallows: Part 2](https://www.imdb.com/title/tt1201607/), ,🌟8.10,2011, ,"Adventure,Family,Fantasy", 
181,![tt0118849](https://m.media-amazon.com/images/M/MV5BZTYwZWQ4ZTQtZWU0MS00N2YwLWEzMDItZWFkZWY0MWVjODVhXkEyXkFqcGdeQXVyNjU0OTQ0OTY@._V1_.jpg),182,[Children of Heaven](https://www.imdb.com/title/tt0118849/), ,🌟8.20,1997, ,"Drama,Family,Sport", 
182,![tt2024544](https://m.media-amazon.com/images/M/MV5BMjExMTEzODkyN15BMl5BanBnXkFtZTcwNTU4NTc4OQ@@._V1_.jpg),183,[12 Years a Slave](https://www.imdb.com/title/tt2024544/), ,🌟8.10,2013, ,"Biography,Drama,History", 
183,![tt0083658](https://m.media-amazon.com/images/M/MV5BNzQzMzJhZTEtOWM4NS00MTdhLTg0YjgtMjM4MDRkZjUwZDBlXkEyXkFqcGdeQXVyNjU0OTQ0OTY@._V1_.jpg),184,[Blade Runner](https://www.imdb.com/title/tt0083658/), ,🌟8.10,1982, ,"Action,Drama,Sci-Fi", 
184,![tt0112471](https://m.media-amazon.com/images/M/MV5BZDdiZTAwYzAtMDI3Ni00OTRjLTkzN2UtMGE3MDMyZmU4NTU4XkEyXkFqcGdeQXVyNjU0OTQ0OTY@._V1_.jpg),185,[Before Sunrise](https://www.imdb.com/title/tt0112471/), ,🌟8.10,1995, ,"Drama,Romance", 
185,![tt2278388](https://m.media-amazon.com/images/M/MV5BMzM5NjUxOTEyMl5BMl5BanBnXkFtZTgwNjEyMDM0MDE@._V1_.jpg),186,[The Grand Budapest Hotel](https://www.imdb.com/title/tt2278388/), ,🌟8.10,2014, ,"Adventure,Comedy,Crime", 
186,![tt0052618](https://m.media-amazon.com/images/M/MV5BNjgxY2JiZDYtZmMwOC00ZmJjLWJmODUtMTNmNWNmYWI5ODkwL2ltYWdlL2ltYWdlXkEyXkFqcGdeQXVyNjc1NTYyMjg@._V1_.jpg),187,[Ben-Hur](https://www.imdb.com/title/tt0052618/), ,🌟8.10,1959, ,"Adventure,Drama", 
187,![tt0072684](https://m.media-amazon.com/images/M/MV5BNmY0MWY2NDctZDdmMi00MjA1LTk0ZTQtZDMyZTQ1NTNlYzVjXkEyXkFqcGdeQXVyMjUzOTY1NTc@._V1_.jpg),188,[Barry Lyndon](https://www.imdb.com/title/tt0072684/), ,🌟8.10,1975, ,"Adventure,Drama,War", 
188,![tt2267998](https://m.media-amazon.com/images/M/MV5BMTk0MDQ3MzAzOV5BMl5BanBnXkFtZTgwNzU1NzE3MjE@._V1_.jpg),189,[Gone Girl](https://www.imdb.com/title/tt2267998/), ,🌟8.10,2014, ,"Drama,Mystery,Thriller", 
189,![tt2119532](https://m.media-amazon.com/images/M/MV5BMjQ1NjM3MTUxNV5BMl5BanBnXkFtZTgwMDc5MTY5OTE@._V1_.jpg),190,[Hacksaw Ridge](https://www.imdb.com/title/tt2119532/), ,🌟8.10,2016, ,"Biography,Drama,History", 
190,![tt0015864](https://m.media-amazon.com/images/M/MV5BZjEyOTE4MzMtNmMzMy00Mzc3LWJlOTQtOGJiNDE0ZmJiOTU4L2ltYWdlXkEyXkFqcGdeQXVyNTAyODkwOQ@@._V1_.jpg),191,[The Gold Rush](https://www.imdb.com/title/tt0015864/), ,🌟8.10,1925, ,"Adventure,Comedy,Drama", 
191,![tt0107207](https://m.media-amazon.com/images/M/MV5BMmYyOTgwYWItYmU3Ny00M2E2LTk0NWMtMDVlNmQ0MWZiMTMxXkEyXkFqcGdeQXVyNzkwMjQ5NzM@._V1_.jpg),192,[In the Name of the Father](https://www.imdb.com/title/tt0107207/), ,🌟8.10,1993, ,"Biography,Crime,Drama", 
192,![tt0353969](https://m.media-amazon.com/images/M/MV5BOGViNTg4YTktYTQ2Ni00MTU0LTk2NWUtMTI4OTc1YTM0NzQ2XkEyXkFqcGdeQXVyMDM2NDM2MQ@@._V1_.jpg),193,[Memories of Murder](https://www.imdb.com/title/tt0353969/), ,🌟8.10,2003, ,"Crime,Drama,Mystery", 
193,![tt0097165](https://m.media-amazon.com/images/M/MV5BOGYwYWNjMzgtNGU4ZC00NWQ2LWEwZjUtMzE1Zjc3NjY3YTU1XkEyXkFqcGdeQXVyMTQxNzMzNDI@._V1_.jpg),194,[Dead Poets Society](https://www.imdb.com/title/tt0097165/), ,🌟8.10,1989, ,"Comedy,Drama", 
194,![tt0047296](https://m.media-amazon.com/images/M/MV5BY2I0MWFiZDMtNWQyYy00Njk5LTk3MDktZjZjNTNmZmVkYjkxXkEyXkFqcGdeQXVyNjc1NTYyMjg@._V1_.jpg),195,[On the Waterfront](https://www.imdb.com/title/tt0047296/), ,🌟8.10,1954, ,"Crime,Drama,Thriller", 
195,![tt0017925](https://m.media-amazon.com/images/M/MV5BYmRiMDFlYjYtOTMwYy00OGY2LWE0Y2QtYzQxOGNhZmUwNTIxXkEyXkFqcGdeQXVyNzkwMjQ5NzM@._V1_.jpg),196,[The General](https://www.imdb.com/title/tt0017925/), ,🌟8.10,1926, ,"Action,Adventure,Comedy", 
196,![tt0077416](https://m.media-amazon.com/images/M/MV5BNDhmNTA0ZDMtYjhkNS00NzEzLWIzYTItOGNkMTVmYjE2YmI3XkEyXkFqcGdeQXVyNzkwMjQ5NzM@._V1_.jpg),197,[The Deer Hunter](https://www.imdb.com/title/tt0077416/), ,🌟8.10,1978, ,"Drama,War", 
197,![tt3011894](https://m.media-amazon.com/images/M/MV5BNzAzMjA1ODAxOV5BMl5BanBnXkFtZTgwODg4NTQzNDE@._V1_.jpg),198,[Wild Tales](https://www.imdb.com/title/tt3011894/), ,🌟8.10,2014, ,"Comedy,Drama,Thriller", 
198,![tt1392190](https://m.media-amazon.com/images/M/MV5BN2EwM2I5OWMtMGQyMi00Zjg1LWJkNTctZTdjYTA4OGUwZjMyXkEyXkFqcGdeQXVyMTMxODk2OTU@._V1_.jpg),199,[Mad Max: Fury Road](https://www.imdb.com/title/tt1392190/), ,🌟8.10,2015, ,"Action,Adventure,Sci-Fi", 
199,![tt0198781](https://m.media-amazon.com/images/M/MV5BMTY1NTI0ODUyOF5BMl5BanBnXkFtZTgwNTEyNjQ0MDE@._V1_.jpg),200,"[Monsters, Inc.](https://www.imdb.com/title/tt0198781/)", ,🌟8.10,2001, ,"Animation,Adventure,Comedy", 
200,![tt0015324](https://m.media-amazon.com/images/M/MV5BZWFhOGU5NDctY2Q3YS00Y2VlLWI1NzEtZmIwY2ZiZjY4OTA2XkEyXkFqcGdeQXVyMDI2NDg0NQ@@._V1_.jpg),201,[Sherlock Jr.](https://www.imdb.com/title/tt0015324/), ,🌟8.20,1924, ,"Action,Comedy,Romance", 
201,![tt0041959](https://m.media-amazon.com/images/M/MV5BYjE2OTdhMWUtOGJlMy00ZDViLWIzZjgtYjZkZGZmMDZjYmEyXkEyXkFqcGdeQXVyNzkwMjQ5NzM@._V1_.jpg),202,[The Third Man](https://www.imdb.com/title/tt0041959/), ,🌟8.10,1949, ,"Film-Noir,Mystery,Thriller", 
202,![tt0050986](https://m.media-amazon.com/images/M/MV5BYWQxYzdhMDMtNjAyZC00NzE0LWFjYmQtYjk0YzMyYjA5NzZkXkEyXkFqcGdeQXVyMjUzOTY1NTc@._V1_.jpg),203,[Wild Strawberries](https://www.imdb.com/title/tt0050986/), ,🌟8.10,1957, ,"Drama,Romance", 
203,![tt0046268](https://m.media-amazon.com/images/M/MV5BMzE2ODNiZGItNGJiZS00MzBkLTgzZDktN2NmZGE0ZWU3N2U5L2ltYWdlL2ltYWdlXkEyXkFqcGdeQXVyMzI4Nzk0NjY@._V1_.jpg),204,[The Wages of Fear](https://www.imdb.com/title/tt0046268/), ,🌟8.20,1953, ,"Adventure,Drama,Thriller", 
204,![tt0073195](https://m.media-amazon.com/images/M/MV5BMmVmODY1MzEtYTMwZC00MzNhLWFkNDMtZjAwM2EwODUxZTA5XkEyXkFqcGdeQXVyNTAyODkwOQ@@._V1_.jpg),205,[Jaws](https://www.imdb.com/title/tt0073195/), ,🌟8.10,1975, ,"Adventure,Mystery,Thriller", 
205,![tt0892769](https://m.media-amazon.com/images/M/MV5BMjA5NDQyMjc2NF5BMl5BanBnXkFtZTcwMjg5ODcyMw@@._V1_.jpg),206,[How to Train Your Dragon](https://www.imdb.com/title/tt0892769/), ,🌟8.10,2010, ,"Animation,Action,Adventure", 
206,![tt0978762](https://m.media-amazon.com/images/M/MV5BMDgzYjQwMDMtNGUzYi00MTRmLWIyMGMtNjE1OGZkNzY2YWIzL2ltYWdlXkEyXkFqcGdeQXVyNjU0OTQ0OTY@._V1_.jpg),207,[Mary and Max](https://www.imdb.com/title/tt0978762/), ,🌟8.10,2009, ,"Animation,Comedy,Drama", 
207,![tt0031679](https://m.media-amazon.com/images/M/MV5BZTYwYjYxYzgtMDE1Ni00NzU4LWJlMTEtODQ5YmJmMGJhZjI5L2ltYWdlXkEyXkFqcGdeQXVyMDI2NDg0NQ@@._V1_.jpg),208,[Mr. Smith Goes to Washington](https://www.imdb.com/title/tt0031679/), ,🌟8.10,1939, ,"Comedy,Drama", 
208,![tt1950186](https://m.media-amazon.com/images/M/MV5BM2UwMDVmMDItM2I2Yi00NGZmLTk4ZTUtY2JjNTQ3OGQ5ZjM2XkEyXkFqcGdeQXVyMTA1OTYzOTUx._V1_.jpg),209,[Ford v Ferrari](https://www.imdb.com/title/tt1950186/), ,🌟8.10,2019, ,"Action,Biography,Drama", 
209,![tt0382932](https://m.media-amazon.com/images/M/MV5BMTMzODU0NTkxMF5BMl5BanBnXkFtZTcwMjQ4MzMzMw@@._V1_.jpg),210,[Ratatouille](https://www.imdb.com/title/tt0382932/), ,🌟8.10,2007, ,"Animation,Adventure,Comedy", 
210,![tt0046438](https://m.media-amazon.com/images/M/MV5BYWQ4ZTRiODktNjAzZC00Nzg1LTk1YWQtNDFmNDI0NmZiNGIwXkEyXkFqcGdeQXVyNzkwMjQ5NzM@._V1_.jpg),211,[Tokyo Story](https://www.imdb.com/title/tt0046438/), ,🌟8.10,1953, ,Drama, 
211,![tt0050976](https://m.media-amazon.com/images/M/MV5BOWM3MmE0OGYtOGVlNC00OWE1LTk5ZTAtYmUwMDIwM2ZlNWJiXkEyXkFqcGdeQXVyMjUzOTY1NTc@._V1_.jpg),212,[The Seventh Seal](https://www.imdb.com/title/tt0050976/), ,🌟8.10,1957, ,"Drama,Fantasy", 
212,![tt3170832](https://m.media-amazon.com/images/M/MV5BMjE4NzgzNzEwMl5BMl5BanBnXkFtZTgwMTMzMDE0NjE@._V1_.jpg),213,[Room](https://www.imdb.com/title/tt3170832/), ,🌟8.10,2015, ,"Drama,Thriller", 
213,![tt0118715](https://m.media-amazon.com/images/M/MV5BMzliZDk0NjctNjhlOC00MWEyLWI3OWYtNjA5ZDYxMTMzNTc5XkEyXkFqcGdeQXVyNTAyODkwOQ@@._V1_.jpg),214,[The Big Lebowski](https://www.imdb.com/title/tt0118715/), ,🌟8.10,1998, ,"Comedy,Crime", 
214,![tt0075148](https://m.media-amazon.com/images/M/MV5BNTBkMjg2MjYtYTZjOS00ODQ0LTg0MDEtM2FiNmJmOGU1NGEwXkEyXkFqcGdeQXVyMjUzOTY1NTc@._V1_.jpg),215,[Rocky](https://www.imdb.com/title/tt0075148/), ,🌟8.10,1976, ,"Drama,Sport", 
215,![tt3315342](https://m.media-amazon.com/images/M/MV5BYzc5MTU4N2EtYTkyMi00NjdhLTg3NWEtMTY4OTEyMzJhZTAzXkEyXkFqcGdeQXVyNjc1NTYyMjg@._V1_.jpg),216,[Logan](https://www.imdb.com/title/tt3315342/), ,🌟8.10,2017, ,"Action,Drama,Sci-Fi", 
216,![tt1895587](https://m.media-amazon.com/images/M/MV5BMjIyOTM5OTIzNV5BMl5BanBnXkFtZTgwMDkzODE2NjE@._V1_.jpg),217,[Spotlight](https://www.imdb.com/title/tt1895587/), ,🌟8.10,2015, ,"Biography,Crime,Drama", 
217,![tt0395169](https://m.media-amazon.com/images/M/MV5BZGJjYmIzZmQtNWE4Yy00ZGVmLWJkZGEtMzUzNmQ4ZWFlMjRhXkEyXkFqcGdeQXVyMTMxODk2OTU@._V1_.jpg),218,[Hotel Rwanda](https://www.imdb.com/title/tt0395169/), ,🌟8.10,2004, ,"Biography,Drama,History", 
218,![tt0091763](https://m.media-amazon.com/images/M/MV5BMzRjZjdlMjQtODVkYS00N2YzLWJlYWYtMGVlN2E5MWEwMWQzXkEyXkFqcGdeQXVyMTQxNzMzNDI@._V1_.jpg),219,[Platoon](https://www.imdb.com/title/tt0091763/), ,🌟8.10,1986, ,"Drama,War", 
219,![tt0088247](https://m.media-amazon.com/images/M/MV5BYTViNzMxZjEtZGEwNy00MDNiLWIzNGQtZDY2MjQ1OWViZjFmXkEyXkFqcGdeQXVyNzkwMjQ5NzM@._V1_.jpg),220,[The Terminator](https://www.imdb.com/title/tt0088247/), ,🌟8.10,1984, ,"Action,Adventure,Sci-Fi", 
220,![tt0019254](https://m.media-amazon.com/images/M/MV5BNjBjNDJiYTUtOWY0OS00OGVmLTg2YzctMTE0NzVhODM1ZWJmXkEyXkFqcGdeQXVyNjU0OTQ0OTY@._V1_.jpg),221,[The Passion of Joan of Arc](https://www.imdb.com/title/tt0019254/), ,🌟8.10,1928, ,"Biography,Drama,History", 
221,![tt0381681](https://m.media-amazon.com/images/M/MV5BMTQ1MjAwNTM5Ml5BMl5BanBnXkFtZTYwNDM0MTc3._V1_.jpg),222,[Before Sunset](https://www.imdb.com/title/tt0381681/), ,🌟8.10,2004, ,"Drama,Romance", 
222,![tt0036868](https://m.media-amazon.com/images/M/MV5BY2RmNTRjYzctODI4Ni00MzQyLWEyNTAtNjU0N2JkMTNhNjJkXkEyXkFqcGdeQXVyNjU0OTQ0OTY@._V1_.jpg),223,[The Best Years of Our Lives](https://www.imdb.com/title/tt0036868/), ,🌟8.10,1946, ,"Drama,Romance,War", 
223,![tt0113247](https://m.media-amazon.com/images/M/MV5BOTQxOGU0OWUtMzExYy00ZjIxLWJmMzAtNTI1Y2YxYTMxN2RkXkEyXkFqcGdeQXVyMjUzOTY1NTc@._V1_.jpg),224,[La haine](https://www.imdb.com/title/tt0113247/), ,🌟8.10,1995, ,"Crime,Drama", 
224,![tt15097216](https://m.media-amazon.com/images/M/MV5BNzFkM2FhMzQtYjUwZi00N2Y3LWFkZWItMmZmMjQxNGQwZmNhXkEyXkFqcGdeQXVyODEyNjEwMDk@._V1_.jpg),225,[Jai Bhim](https://www.imdb.com/title/tt15097216/), ,🌟8.70,2021, ,"Crime,Drama,Mystery", 
225,![tt0070047](https://m.media-amazon.com/images/M/MV5BYWFlZGY2NDktY2ZjOS00ZWNkLTg0ZDAtZDY4MTM1ODU4ZjljXkEyXkFqcGdeQXVyMjUzOTY1NTc@._V1_.jpg),226,[The Exorcist](https://www.imdb.com/title/tt0070047/), ,🌟8.10,1973, ,Horror, 
226,![tt1979320](https://m.media-amazon.com/images/M/MV5BOWEwODJmZDItYTNmZC00OGM4LThlNDktOTQzZjIzMGQxODA4XkEyXkFqcGdeQXVyNjU0OTQ0OTY@._V1_.jpg),227,[Rush](https://www.imdb.com/title/tt1979320/), ,🌟8.10,2013, ,"Action,Biography,Drama", 
227,![tt0325980](https://m.media-amazon.com/images/M/MV5BNGYyZGM5MGMtYTY2Ni00M2Y1LWIzNjQtYWUzM2VlNGVhMDNhXkEyXkFqcGdeQXVyMTMxODk2OTU@._V1_.jpg),228,[Pirates of the Caribbean: The Curse of the Black Pearl](https://www.imdb.com/title/tt0325980/), ,🌟8.10,2003, ,"Action,Adventure,Fantasy", 
228,![tt0074958](https://m.media-amazon.com/images/M/MV5BNzY0NjU5ODUtOTAzMC00NTU5LWJkZjctYWMyOWY2MTZmOWM1XkEyXkFqcGdeQXVyMTI3ODAyMzE2._V1_.jpg),229,[Network](https://www.imdb.com/title/tt0074958/), ,🌟8.10,1976, ,Drama, 
229,![tt14230458](https://m.media-amazon.com/images/M/MV5BNGIyYWMzNjktNDE3MC00YWQyLWEyMmEtN2ZmNzZhZDk3NGJlXkEyXkFqcGdeQXVyMTUzMTg2ODkz._V1_.jpg),230,[Poor Things](https://www.imdb.com/title/tt14230458/), ,🌟8.10,2023, ,"Comedy,Drama,Romance", 
230,![tt0092005](https://m.media-amazon.com/images/M/MV5BODJmY2Y2OGQtMDg2My00N2Q3LWJmZTUtYTc2ODBjZDVlNDlhXkEyXkFqcGdeQXVyMTQxNzMzNDI@._V1_.jpg),231,[Stand by Me](https://www.imdb.com/title/tt0092005/), ,🌟8.10,1986, ,"Adventure,Comedy,Drama", 
231,![tt0032138](https://m.media-amazon.com/images/M/MV5BY2NjNDU1ZjctN2VhZi00Nzc5LTljNmItMTZiOTg1ODkwYjgwXkEyXkFqcGdeQXVyNTkxMzEwMzU@._V1_.jpg),232,[The Wizard of Oz](https://www.imdb.com/title/tt0032138/), ,🌟8.10,1939, ,"Adventure,Family,Fantasy", 
232,![tt0317705](https://m.media-amazon.com/images/M/MV5BMTY5OTU0OTc2NV5BMl5BanBnXkFtZTcwMzU4MDcyMQ@@._V1_.jpg),233,[The Incredibles](https://www.imdb.com/title/tt0317705/), ,🌟8.00,2004, ,"Animation,Action,Adventure", 
233,![tt1028532](https://m.media-amazon.com/images/M/MV5BYmQzYjgyYzEtOTVhZC00MDRkLWJjNjItYzU3N2RiMTExZjA1XkEyXkFqcGdeQXVyMTcwOTQzOTYy._V1_.jpg),234,[Hachi: A Dog's Tale](https://www.imdb.com/title/tt1028532/), ,🌟8.10,2009, ,"Biography,Drama,Family", 
234,![tt0758758](https://m.media-amazon.com/images/M/MV5BNjQ0ODlhMWUtNmUwMS00YjExLWI4MjQtNjVmMmE2Y2E0MGRmXkEyXkFqcGdeQXVyNDk3NzU2MTQ@._V1_.jpg),235,[Into the Wild](https://www.imdb.com/title/tt0758758/), ,🌟8.10,2007, ,"Adventure,Biography,Drama", 
235,![tt0476735](https://m.media-amazon.com/images/M/MV5BNzEzMWYyYjEtNmVjZS00YTAyLWIyOTgtMzEzNzQxMTQzZTgwXkEyXkFqcGdeQXVyMTA0MTM5NjI2._V1_.jpg),236,[My Father and My Son](https://www.imdb.com/title/tt0476735/), ,🌟8.20,2005, ,"Drama,Family", 
236,![tt4016934](https://m.media-amazon.com/images/M/MV5BNDJhYTk2MTctZmVmOS00OTViLTgxNjQtMzQxOTRiMDdmNGRjXkEyXkFqcGdeQXVyMTMxODk2OTU@._V1_.jpg),237,[The Handmaiden](https://www.imdb.com/title/tt4016934/), ,🌟8.10,2016, ,"Drama,Romance,Thriller", 
237,![tt0035446](https://m.media-amazon.com/images/M/MV5BYTIwNDcyMjktMTczMy00NDM5LTlhNDEtMmE3NGVjOTM2YjQ3XkEyXkFqcGdeQXVyNjc0MzMzNjA@._V1_.jpg),238,[To Be or Not to Be](https://www.imdb.com/title/tt0035446/), ,🌟8.10,1942, ,"Comedy,Romance,War", 
238,![tt0059742](https://m.media-amazon.com/images/M/MV5BYThiZTY5MTAtODgwNS00OGNjLThjYzItOTcxYmYxMGY5MzBjXkEyXkFqcGdeQXVyNjc5NjEzNA@@._V1_.jpg),239,[The Sound of Music](https://www.imdb.com/title/tt0059742/), ,🌟8.10,1965, ,"Biography,Drama,Family", 
239,![tt0032551](https://m.media-amazon.com/images/M/MV5BNzJiOGI2MjctYjUyMS00ZjkzLWE2ZmUtOTg4NTZkOTNhZDc1L2ltYWdlXkEyXkFqcGdeQXVyNjc1NTYyMjg@._V1_.jpg),240,[The Grapes of Wrath](https://www.imdb.com/title/tt0032551/), ,🌟8.10,1940, ,Drama, 
240,![tt0058946](https://m.media-amazon.com/images/M/MV5BN2M4YTA4ZTEtN2EyNy00YTlmLWE4YzYtYjYyYjRkMWM4ZDM0XkEyXkFqcGdeQXVyMjUzOTY1NTc@._V1_.jpg),241,[The Battle of Algiers](https://www.imdb.com/title/tt0058946/), ,🌟8.10,1966, ,"Drama,War", 
241,![tt0107048](https://m.media-amazon.com/images/M/MV5BZWIxNzM5YzQtY2FmMS00Yjc3LWI1ZjUtNGVjMjMzZTIxZTIxXkEyXkFqcGdeQXVyNjU0OTQ0OTY@._V1_.jpg),242,[Groundhog Day](https://www.imdb.com/title/tt0107048/), ,🌟8.00,1993, ,"Comedy,Drama,Fantasy", 
242,![tt0245712](https://m.media-amazon.com/images/M/MV5BZjUxNmEwOGItMTBmYi00MWQ1LWExY2MtNDUxMjI0OWM4M2NiXkEyXkFqcGdeQXVyMjUzOTY1NTc@._V1_.jpg),243,[Amores Perros](https://www.imdb.com/title/tt0245712/), ,🌟8.10,2000, ,"Drama,Thriller", 
243,![tt0032976](https://m.media-amazon.com/images/M/MV5BYTcxYWExOTMtMWFmYy00ZjgzLWI0YjktNWEzYzJkZTg0NDdmL2ltYWdlXkEyXkFqcGdeQXVyNjc1NTYyMjg@._V1_.jpg),244,[Rebecca](https://www.imdb.com/title/tt0032976/), ,🌟8.10,1940, ,"Drama,Mystery,Romance", 
244,![tt0061512](https://m.media-amazon.com/images/M/MV5BNjcwNTQ3Y2EtMjdmZi00ODBhLWFhNzQtOTc3MWU5NTZlMDViXkEyXkFqcGdeQXVyMjUzOTY1NTc@._V1_.jpg),245,[Cool Hand Luke](https://www.imdb.com/title/tt0061512/), ,🌟8.10,1967, ,"Crime,Drama", 
245,![tt0129167](https://m.media-amazon.com/images/M/MV5BYzBjZTNkMzQtZmNkOC00Yzk0LTljMjktZjk3YWVlZjY3NTk2XkEyXkFqcGdeQXVyMTUzMDUzNTI3._V1_.jpg),246,[The Iron Giant](https://www.imdb.com/title/tt0129167/), ,🌟8.10,1999, ,"Animation,Action,Adventure", 
246,![tt1454029](https://m.media-amazon.com/images/M/MV5BMTM5OTMyMjIxOV5BMl5BanBnXkFtZTcwNzU4MjIwNQ@@._V1_.jpg),247,[The Help](https://www.imdb.com/title/tt1454029/), ,🌟8.10,2011, ,Drama, 
247,![tt0025316](https://m.media-amazon.com/images/M/MV5BMDg5MmEwZjItODllOS00Yjc4LTk3NzItZWY4ODFlODQzZjJlXkEyXkFqcGdeQXVyNjc5NjEzNA@@._V1_.jpg),248,[It Happened One Night](https://www.imdb.com/title/tt0025316/), ,🌟8.10,1934, ,"Comedy,Romance", 
248,![tt0053198](https://m.media-amazon.com/images/M/MV5BYTQ4MjA4NmYtYjRhNi00MTEwLTg0NjgtNjk3ODJlZGU4NjRkL2ltYWdlL2ltYWdlXkEyXkFqcGdeQXVyNjU0OTQ0OTY@._V1_.jpg),249,[The 400 Blows](https://www.imdb.com/title/tt0053198/), ,🌟8.10,1959, ,"Crime,Drama", 
249,![tt0099348](https://m.media-amazon.com/images/M/MV5BMTY3OTI5NDczN15BMl5BanBnXkFtZTcwNDA0NDY3Mw@@._V1_.jpg),250,[Dances with Wolves](https://www.imdb.com/title/tt0099348/), ,🌟8.00,1990, ,"Adventure,Drama,Western", 
