Index,cover,rank,title,director,score,year,region,genre,staff
0,![278](https://www.themoviedb.orghttps://media.themoviedb.org/t/p/w220_and_h330_face/x6cLNyJWKK7jdaqL9UNPlvJJoVD.jpg),1,[肖申克的救赎](https://www.themoviedb.org/movie/278), ,🌟87.04,1994, , ,
1,![238](https://www.themoviedb.orghttps://media.themoviedb.org/t/p/w220_and_h330_face/y03tzUKvkRCYwJ5NWys4W4bnS9m.jpg),2,[教父](https://www.themoviedb.org/movie/238), ,🌟86.95,1972, , ,
2,![240](https://www.themoviedb.orghttps://media.themoviedb.org/t/p/w220_and_h330_face/oDGXjCo0x8KMpzuCGMMLfVmtaUz.jpg),3,[教父2](https://www.themoviedb.org/movie/240), ,🌟85.75,1974, , ,
3,![424](https://www.themoviedb.orghttps://media.themoviedb.org/t/p/w220_and_h330_face/kukYu89yda6NrifW5kpLoOTU7YH.jpg),4,[辛德勒的名单](https://www.themoviedb.org/movie/424), ,🌟85.65,1993, , ,
4,![129](https://www.themoviedb.orghttps://media.themoviedb.org/t/p/w220_and_h330_face/qIVSUzgVfg1citQeZdBDGKTinUb.jpg),5,[千与千寻](https://www.themoviedb.org/movie/129), ,🌟85.39,2001, , ,
5,![389](https://www.themoviedb.orghttps://media.themoviedb.org/t/p/w220_and_h330_face/jtu5QaQ9JrbODy65Nlbeufadpsn.jpg),6,[十二怒汉](https://www.themoviedb.org/movie/389), ,🌟85.39,1957, , ,
6,![19404](https://www.themoviedb.orghttps://media.themoviedb.org/t/p/w220_and_h330_face/lfRkUr7DYdHldAqi3PwdQGBRBPM.jpg),7,[勇夺芳心](https://www.themoviedb.org/movie/19404), ,🌟85.33,1995, , ,
7,![155](https://www.themoviedb.orghttps://media.themoviedb.org/t/p/w220_and_h330_face/8aQ048h92EvpPME4HsgEN4oJIxu.jpg),8,[蝙蝠侠：黑暗骑士](https://www.themoviedb.org/movie/155), ,🌟85.15,2008, , ,
8,![496243](https://www.themoviedb.orghttps://media.themoviedb.org/t/p/w220_and_h330_face/d7VRXTUD9TPIze2oHw92z8qxcP7.jpg),9,[寄生虫](https://www.themoviedb.org/movie/496243), ,🌟85.10,2019, , ,
9,![497](https://www.themoviedb.orghttps://media.themoviedb.org/t/p/w220_and_h330_face/sQRIzn557ofxPZRGV34aLK97drh.jpg),10,[绿里奇迹](https://www.themoviedb.org/movie/497), ,🌟85.08,1999, , ,
10,![372058](https://www.themoviedb.orghttps://media.themoviedb.org/t/p/w220_and_h330_face/re9VGdZlwTrzo9G5mQ0Ywtus6uU.jpg),11,[你的名字。](https://www.themoviedb.org/movie/372058), ,🌟84.96,2016, , ,
11,![680](https://www.themoviedb.orghttps://media.themoviedb.org/t/p/w220_and_h330_face/faXrVXwMExh6zIVV9I5v2ydP1K7.jpg),12,[低俗小说](https://www.themoviedb.org/movie/680), ,🌟84.90,1994, , ,
12,![122](https://www.themoviedb.orghttps://media.themoviedb.org/t/p/w220_and_h330_face/uFkX33nCqzDVLUEAx1Z3T5SXAY0.jpg),13,[指环王3：王者无敌](https://www.themoviedb.org/movie/122), ,🌟84.77,2003, , ,
13,![13](https://www.themoviedb.orghttps://media.themoviedb.org/t/p/w220_and_h330_face/Ac68G8LkY4AJL6lXpClRP4uJMRV.jpg),14,[阿甘正传](https://www.themoviedb.org/movie/13), ,🌟84.77,1994, , ,
14,![664280](https://www.themoviedb.orghttps://media.themoviedb.org/t/p/w220_and_h330_face/19J2euKeFOsfa6jFXySouA0Ycn3.jpg),15,[大卫·爱登堡：地球上的一段生命旅程](https://www.themoviedb.org/movie/664280), ,🌟85.00,2020, , ,
15,![769](https://www.themoviedb.orghttps://media.themoviedb.org/t/p/w220_and_h330_face/o3tPJhTFVTPWGBpTpVZ4agqgmTJ.jpg),16,[好家伙](https://www.themoviedb.org/movie/769), ,🌟84.67,1990, , ,
16,![429](https://www.themoviedb.orghttps://media.themoviedb.org/t/p/w220_and_h330_face/k8wMvY2UuX8LanjEOl7KvnMrNHA.jpg),17,[黄金三镖客](https://www.themoviedb.org/movie/429), ,🌟84.66,1966, , ,
17,![12477](https://www.themoviedb.orghttps://media.themoviedb.org/t/p/w220_and_h330_face/8t9gS27uWbo6XnMJngJSwdx7KQB.jpg),18,[萤火虫之墓](https://www.themoviedb.org/movie/12477), ,🌟84.63,1988, , ,
18,![11216](https://www.themoviedb.orghttps://media.themoviedb.org/t/p/w220_and_h330_face/exMiTpFYR4Id8dk5fySiY7OmNkT.jpg),19,[天堂电影院](https://www.themoviedb.org/movie/11216), ,🌟84.55,1988, , ,
19,![637](https://www.themoviedb.orghttps://media.themoviedb.org/t/p/w220_and_h330_face/8X1hakO6bGVRIm1D90BkrSd7Ra6.jpg),20,[美丽人生](https://www.themoviedb.org/movie/637), ,🌟85.00,1997, , ,
20,![346](https://www.themoviedb.orghttps://media.themoviedb.org/t/p/w220_and_h330_face/3H5wtQCC2MVlZGfOuXjW2ocbPJj.jpg),21,[七武士](https://www.themoviedb.org/movie/346), ,🌟84.52,1954, , ,
21,![704264](https://www.themoviedb.orghttps://media.themoviedb.org/t/p/w220_and_h330_face/bnHi24pvKwY7vAA6tc8hCBhQ1qX.jpg),22,[史前战纪：野蛮故事](https://www.themoviedb.org/movie/704264), ,🌟84.47,2019, , ,
22,![550](https://www.themoviedb.orghttps://media.themoviedb.org/t/p/w220_and_h330_face/8v4jKpiXHIP83XcVkAED3r8oHrf.jpg),23,[搏击俱乐部](https://www.themoviedb.org/movie/550), ,🌟84.40,1999, , ,
23,![568332](https://www.themoviedb.orghttps://media.themoviedb.org/t/p/w220_and_h330_face/v8jeyL9bGwamER1gh6YSoNmd3yO.jpg),24,[泰勒·斯威夫特：“举世盛名”巡回演唱会](https://www.themoviedb.org/movie/568332), ,🌟84.00,2018, , ,
24,![372754](https://www.themoviedb.orghttps://media.themoviedb.org/t/p/w220_and_h330_face/cIfRCA5wEvj9tApca4UDUagQEiM.jpg),25,[同级生](https://www.themoviedb.org/movie/372754), ,🌟84.37,2016, , ,
25,![539](https://www.themoviedb.orghttps://media.themoviedb.org/t/p/w220_and_h330_face/yz4QVqPx3h1hD1DfqqQkCq3rmxW.jpg),26,[惊魂记](https://www.themoviedb.org/movie/539), ,🌟84.35,1960, , ,
26,![598](https://www.themoviedb.orghttps://media.themoviedb.org/t/p/w220_and_h330_face/ymhi0Z70SakUaLnivfNO9JtJQJf.jpg),27,[上帝之城](https://www.themoviedb.org/movie/598), ,🌟84.32,2002, , ,
27,![696374](https://www.themoviedb.orghttps://media.themoviedb.org/t/p/w220_and_h330_face/oyG9TL7FcRP4EZ9Vid6uKzwdndz.jpg),28,[加百列的地狱1](https://www.themoviedb.org/movie/696374), ,🌟84.30,2020, , ,
28,![157336](https://www.themoviedb.orghttps://media.themoviedb.org/t/p/w220_and_h330_face/v7Iib57HHgSEI9B7XYRF6qrs11T.jpg),29,[星际穿越](https://www.themoviedb.org/movie/157336), ,🌟84.29,2014, , ,
29,![667257](https://www.themoviedb.orghttps://media.themoviedb.org/t/p/w220_and_h330_face/t2Ew8NZ8Ci2kqmoecZUNQUFDJnQ.jpg),30,[Impossible Things](https://www.themoviedb.org/movie/667257), ,🌟84.27,2021, , ,
30,![311](https://www.themoviedb.orghttps://media.themoviedb.org/t/p/w220_and_h330_face/mYvSMWFsZnKYLWomUIbbVSoKsL.jpg),31,[美国往事](https://www.themoviedb.org/movie/311), ,🌟84.26,1984, , ,
31,![510](https://www.themoviedb.orghttps://media.themoviedb.org/t/p/w220_and_h330_face/oD2CeMLsZDSQ1vQyJN0P21VMdHv.jpg),32,[飞越疯人院](https://www.themoviedb.org/movie/510), ,🌟84.22,1975, , ,
32,![611291](https://www.themoviedb.orghttps://media.themoviedb.org/t/p/w220_and_h330_face/7x5CguA0MxHqbSjhi14UEuK7c95.jpg),33,[带来灵魂：防弹少年团演唱会电影](https://www.themoviedb.org/movie/611291), ,🌟84.00,2019, , ,
33,![693134](https://www.themoviedb.orghttps://media.themoviedb.org/t/p/w220_and_h330_face/1p25wDEdFRRTtwtPFbtPHISefzG.jpg),34,[沙丘2](https://www.themoviedb.org/movie/693134), ,🌟84.24,2024, , ,
34,![724089](https://www.themoviedb.orghttps://media.themoviedb.org/t/p/w220_and_h330_face/x5o8cLZfEXMoZczTYWLrUo1P7UJ.jpg),35,[加百列的地狱2](https://www.themoviedb.org/movie/724089), ,🌟84.12,2020, , ,
35,![120](https://www.themoviedb.orghttps://media.themoviedb.org/t/p/w220_and_h330_face/k3EVt7MvjqNLJvt8mhZiaMr5J3V.jpg),36,[指环王1：护戒使者](https://www.themoviedb.org/movie/120), ,🌟84.10,2001, , ,
36,![324857](https://www.themoviedb.orghttps://media.themoviedb.org/t/p/w220_and_h330_face/sxubDbvo0FhMe9TSikRn7npohjb.jpg),37,[蜘蛛侠：平行宇宙](https://www.themoviedb.org/movie/324857), ,🌟84.00,2018, , ,
37,![4935](https://www.themoviedb.orghttps://media.themoviedb.org/t/p/w220_and_h330_face/jlfg1WWs0A41reIYsiockea3kul.jpg),38,[哈尔的移动城堡](https://www.themoviedb.org/movie/4935), ,🌟84.06,2004, , ,
38,![255709](https://www.themoviedb.orghttps://media.themoviedb.org/t/p/w220_and_h330_face/vT7Cthkjvmv3paxj9hunxHuMFjL.jpg),39,[素媛](https://www.themoviedb.org/movie/255709), ,🌟84.02,2013, , ,
39,![40096](https://www.themoviedb.orghttps://media.themoviedb.org/t/p/w220_and_h330_face/imcOp1kJsCsAFCoOtY5OnPrFbAf.jpg),40,[蛊惑兄弟](https://www.themoviedb.org/movie/40096), ,🌟84.00,2000, , ,
40,![761053](https://www.themoviedb.orghttps://media.themoviedb.org/t/p/w220_and_h330_face/fYtHxTxlhzD4QWfEbrC1rypysSD.jpg),41,[加百列的地狱3](https://www.themoviedb.org/movie/761053), ,🌟83.93,2020, , ,
41,![121](https://www.themoviedb.orghttps://media.themoviedb.org/t/p/w220_and_h330_face/7De307Wku0eLKPHhkVMYVRTOCkQ.jpg),42,[指环王2：双塔奇兵](https://www.themoviedb.org/movie/121), ,🌟83.93,2002, , ,
42,![553512](https://www.themoviedb.orghttps://media.themoviedb.org/t/p/w220_and_h330_face/pJKy1yvnKh8UjcuYeG3Rt35xHFA.jpg),43,[防弹少年团：燃烧舞台电影版](https://www.themoviedb.org/movie/553512), ,🌟84.00,2018, , ,
43,![1891](https://www.themoviedb.orghttps://media.themoviedb.org/t/p/w220_and_h330_face/vND96Mn2OVyuvuo3kHqZQhT7Ttd.jpg),44,[星球大战5：帝国反击战](https://www.themoviedb.org/movie/1891), ,🌟83.91,1980, , ,
44,![378064](https://www.themoviedb.orghttps://media.themoviedb.org/t/p/w220_and_h330_face/iLsboa8ZXX38hudHCbJ10zTNviW.jpg),45,[声之形](https://www.themoviedb.org/movie/378064), ,🌟83.83,2016, , ,
45,![423](https://www.themoviedb.orghttps://media.themoviedb.org/t/p/w220_and_h330_face/i8ugxqWYKnkLseLfljo4tliKFpi.jpg),46,[钢琴家](https://www.themoviedb.org/movie/423), ,🌟83.83,2002, , ,
46,![244786](https://www.themoviedb.orghttps://media.themoviedb.org/t/p/w220_and_h330_face/5UWgSEedDR9aLi068ButVIAyFiM.jpg),47,[爆裂鼓手](https://www.themoviedb.org/movie/244786), ,🌟83.82,2014, , ,
47,![569094](https://www.themoviedb.orghttps://media.themoviedb.org/t/p/w220_and_h330_face/jBmJZDiJ2h6DimGROpxWlPh1xIo.jpg),48,[蜘蛛侠：纵横宇宙](https://www.themoviedb.org/movie/569094), ,🌟83.77,2023, , ,
48,![1058694](https://www.themoviedb.orghttps://media.themoviedb.org/t/p/w220_and_h330_face/eSatbygYZp8ooprBHZdb6GFZxGB.jpg),49,[激进教学](https://www.themoviedb.org/movie/1058694), ,🌟83.77,2023, , ,
49,![620249](https://www.themoviedb.orghttps://media.themoviedb.org/t/p/w220_and_h330_face/ogMVWcW6TSBl65heyUHnuYpTlBm.jpg),50,[罗小黑战记](https://www.themoviedb.org/movie/620249), ,🌟83.75,2019, , ,
50,![820067](https://www.themoviedb.orghttps://media.themoviedb.org/t/p/w220_and_h330_face/2NBETpnD8LHAvl0sBY9fp2PgIqF.jpg),51,[五等分的新娘 剧场版](https://www.themoviedb.org/movie/820067), ,🌟83.74,2022, , ,
51,![14537](https://www.themoviedb.orghttps://media.themoviedb.org/t/p/w220_and_h330_face/5konZnIbcAxZjP616Cz5o9bKEfW.jpg),52,[切腹](https://www.themoviedb.org/movie/14537), ,🌟83.75,1962, , ,
52,![807](https://www.themoviedb.orghttps://media.themoviedb.org/t/p/w220_and_h330_face/pgSLk5Q4dW2M7bYxcG7DKBT3hvb.jpg),53,[七宗罪](https://www.themoviedb.org/movie/807), ,🌟83.73,1995, , ,
53,![27205](https://www.themoviedb.orghttps://media.themoviedb.org/t/p/w220_and_h330_face/aBGVsKeDn5gtegkyajPGBHWev25.jpg),54,[盗梦空间](https://www.themoviedb.org/movie/27205), ,🌟83.67,2010, , ,
54,![567](https://www.themoviedb.orghttps://media.themoviedb.org/t/p/w220_and_h330_face/ILVF0eJxHMddjxeQhswFtpMtqx.jpg),55,[后窗](https://www.themoviedb.org/movie/567), ,🌟83.52,1954, , ,
55,![274](https://www.themoviedb.orghttps://media.themoviedb.org/t/p/w220_and_h330_face/guKREBLV4nSzT52rKAjHFjSjhsL.jpg),56,[沉默的羔羊](https://www.themoviedb.org/movie/274), ,🌟83.48,1991, , ,
56,![73](https://www.themoviedb.orghttps://media.themoviedb.org/t/p/w220_and_h330_face/euypWkaYFOLW3e5rLIcTAjWnhhT.jpg),57,[美国X档案](https://www.themoviedb.org/movie/73), ,🌟83.46,1998, , ,
57,![92321](https://www.themoviedb.orghttps://media.themoviedb.org/t/p/w220_and_h330_face/mDqzHV8UXWWNpZkoAbKmKX1ZxEE.jpg),58,[萤火之森](https://www.themoviedb.org/movie/92321), ,🌟83.44,2011, , ,
58,![128](https://www.themoviedb.orghttps://media.themoviedb.org/t/p/w220_and_h330_face/nBBnjdKb2QEB1A1HKz56rvCudQc.jpg),59,[幽灵公主](https://www.themoviedb.org/movie/128), ,🌟83.37,1997, , ,
59,![914](https://www.themoviedb.orghttps://media.themoviedb.org/t/p/w220_and_h330_face/h0bwGh7nlA0lUmtXMdvEYS5Nsno.jpg),60,[大独裁者](https://www.themoviedb.org/movie/914), ,🌟83.28,1940, , ,
60,![164558](https://www.themoviedb.orghttps://media.themoviedb.org/t/p/w220_and_h330_face/d4OdJwP9lSoWKvpHbv8wqNhkrlZ.jpg),61,[单向乐队：这就是我们](https://www.themoviedb.org/movie/164558), ,🌟83.22,2013, , ,
61,![599](https://www.themoviedb.orghttps://media.themoviedb.org/t/p/w220_and_h330_face/sC4Dpmn87oz9AuxZ15Lmip0Ftgr.jpg),62,[日落大道](https://www.themoviedb.org/movie/599), ,🌟83.21,1950, , ,
62,![644479](https://www.themoviedb.orghttps://media.themoviedb.org/t/p/w220_and_h330_face/xc4bTXVwYNXi10jG9dwcaYt5IpU.jpg),63,[Dedicated to my ex](https://www.themoviedb.org/movie/644479), ,🌟83.20,2019, , ,
63,![105](https://www.themoviedb.orghttps://media.themoviedb.org/t/p/w220_and_h330_face/9lS6WjhK6p3at1pdizQLnCu9T3F.jpg),64,[回到未来](https://www.themoviedb.org/movie/105), ,🌟83.00,1985, , ,
64,![207](https://www.themoviedb.orghttps://media.themoviedb.org/t/p/w220_and_h330_face/hmGAF5NDoYB6S39UONevjHCESOI.jpg),65,[死亡诗社](https://www.themoviedb.org/movie/207), ,🌟83.14,1989, , ,
65,![101](https://www.themoviedb.orghttps://media.themoviedb.org/t/p/w220_and_h330_face/wT9bYGpoFnJGiRaRF9DErVjZ7qo.jpg),66,[这个杀手不太冷](https://www.themoviedb.org/movie/101), ,🌟83.12,1994, , ,
66,![18491](https://www.themoviedb.orghttps://media.themoviedb.org/t/p/w220_and_h330_face/pHc263sLKMTS4NSERdhVjkE4ax3.jpg),67,[新世纪福音战士剧场版：Air&真心为你](https://www.themoviedb.org/movie/18491), ,🌟83.11,1997, , ,
67,![10494](https://www.themoviedb.orghttps://media.themoviedb.org/t/p/w220_and_h330_face/vHjw4BBsDDC9mfljAuXcrFnkX8I.jpg),68,[未麻的部屋](https://www.themoviedb.org/movie/10494), ,🌟83.01,1998, , ,
68,![1139087](https://www.themoviedb.orghttps://media.themoviedb.org/t/p/w220_and_h330_face/bp9LCzr9BEJ30j30NDrcgYDYHXs.jpg),69,[从前有个工作室](https://www.themoviedb.org/movie/1139087), ,🌟82.97,2023, , ,
69,![3782](https://www.themoviedb.orghttps://media.themoviedb.org/t/p/w220_and_h330_face/dgNTS4EQDDVfkzJI5msKuHu2Ei3.jpg),70,[生之欲](https://www.themoviedb.org/movie/3782), ,🌟82.96,1952, , ,
70,![1026227](https://www.themoviedb.orghttps://media.themoviedb.org/t/p/w220_and_h330_face/4Hi7yjiQjokEDStT1MOj5rPgRfW.jpg),71,[还有明天](https://www.themoviedb.org/movie/1026227), ,🌟82.99,2023, , ,
71,![12493](https://www.themoviedb.orghttps://media.themoviedb.org/t/p/w220_and_h330_face/tgNjemQPG96uIezpiUiXFcer5ga.jpg),72,[天国与地狱](https://www.themoviedb.org/movie/12493), ,🌟82.95,1963, , ,
72,![3082](https://www.themoviedb.orghttps://media.themoviedb.org/t/p/w220_and_h330_face/q1GGtQ5OUBEOdq50aaKZUjUVaSU.jpg),73,[摩登时代](https://www.themoviedb.org/movie/3082), ,🌟82.95,1936, , ,
73,![335](https://www.themoviedb.orghttps://media.themoviedb.org/t/p/w220_and_h330_face/mmGzMJonNDvhPiI9a5JM9mLhDUH.jpg),74,[西部往事](https://www.themoviedb.org/movie/335), ,🌟82.90,1968, , ,
74,![995133](https://www.themoviedb.orghttps://media.themoviedb.org/t/p/w220_and_h330_face/oQRgyQCzcyZvE6w5heM9ktVY0LT.jpg),75,[男孩、鼹鼠、狐狸和马](https://www.themoviedb.org/movie/995133), ,🌟82.81,2022, , ,
75,![901](https://www.themoviedb.orghttps://media.themoviedb.org/t/p/w220_and_h330_face/bXNvzjULc9jrOVhGfjcc64uKZmZ.jpg),76,[城市之光](https://www.themoviedb.org/movie/901), ,🌟82.87,1931, , ,
76,![652837](https://www.themoviedb.orghttps://media.themoviedb.org/t/p/w220_and_h330_face/6qyJQFrAuqdgSOmPbd24gQ4DKEc.jpg),77,[乔西的虎与鱼](https://www.themoviedb.org/movie/652837), ,🌟82.84,2020, , ,
77,![29259](https://www.themoviedb.orghttps://media.themoviedb.org/t/p/w220_and_h330_face/4ajnflU3Ok0UhEVv95T6d6huhY0.jpg),78,[洞](https://www.themoviedb.org/movie/29259), ,🌟82.85,1960, , ,
78,![28](https://www.themoviedb.orghttps://media.themoviedb.org/t/p/w220_and_h330_face/nxbxco1LNXKuqRQWp1sATJno2LZ.jpg),79,[现代启示录](https://www.themoviedb.org/movie/28), ,🌟82.83,1979, , ,
79,![447362](https://www.themoviedb.orghttps://media.themoviedb.org/t/p/w220_and_h330_face/jyEpzOA0uV7AKc4FtbpFL3AwHWC.jpg),80,[一年中的生活](https://www.themoviedb.org/movie/447362), ,🌟82.81,2020, , ,
80,![77338](https://www.themoviedb.orghttps://media.themoviedb.org/t/p/w220_and_h330_face/bqnDQ4iurs10YFX7wzIqVOJPBRL.jpg),81,[触不可及](https://www.themoviedb.org/movie/77338), ,🌟82.80,2011, , ,
81,![975](https://www.themoviedb.orghttps://media.themoviedb.org/t/p/w220_and_h330_face/p7OHwomA8UOhe3EhckF2IetBTh9.jpg),82,[光荣之路](https://www.themoviedb.org/movie/975), ,🌟82.74,1957, , ,
82,![527641](https://www.themoviedb.orghttps://media.themoviedb.org/t/p/w220_and_h330_face/bo5bVDk5mdevabdMAQyw6Decxb5.jpg),83,[五尺天涯](https://www.themoviedb.org/movie/527641), ,🌟82.73,2019, , ,
83,![25237](https://www.themoviedb.orghttps://media.themoviedb.org/t/p/w220_and_h330_face/qNbMsKVzigERgJUbwf8pKyZogpb.jpg),84,[自己去看](https://www.themoviedb.org/movie/25237), ,🌟82.70,1985, , ,
84,![637920](https://www.themoviedb.orghttps://media.themoviedb.org/t/p/w220_and_h330_face/bOth4QmNyEkalwahfPCfiXjNh1r.jpg),85,[七号房的礼物](https://www.themoviedb.org/movie/637920), ,🌟83.00,2019, , ,
85,![1585](https://www.themoviedb.orghttps://media.themoviedb.org/t/p/w220_and_h330_face/mV3VcmMJN6Zwahj42dy9WwPUyRI.jpg),86,[生活多美好](https://www.themoviedb.org/movie/1585), ,🌟82.70,1946, , ,
86,![632632](https://www.themoviedb.orghttps://media.themoviedb.org/t/p/w220_and_h330_face/nBt1bEDizGWWOZLapNihLAkLAYc.jpg),87,[被赠予的未来 剧场版](https://www.themoviedb.org/movie/632632), ,🌟82.67,2020, , ,
87,![16672](https://www.themoviedb.orghttps://media.themoviedb.org/t/p/w220_and_h330_face/f0JpsMQ9oEjKBD66Ky3qK3z7LGT.jpg),88,[砂之女](https://www.themoviedb.org/movie/16672), ,🌟82.66,1964, , ,
88,![10376](https://www.themoviedb.orghttps://media.themoviedb.org/t/p/w220_and_h330_face/o0umP4u52MvociNeQrMGu3KfqA3.jpg),89,[海上钢琴师](https://www.themoviedb.org/movie/10376), ,🌟82.63,1998, , ,
89,![670](https://www.themoviedb.orghttps://media.themoviedb.org/t/p/w220_and_h330_face/A1b4kb7k8FTTz9AJNzhGZiRDGMH.jpg),90,[老男孩](https://www.themoviedb.org/movie/670), ,🌟82.64,2003, , ,
90,![533514](https://www.themoviedb.orghttps://media.themoviedb.org/t/p/w220_and_h330_face/uagVyg6PQuqv2I6u4pGcDyEbJIV.jpg),91,[紫罗兰永恒花园 剧场版](https://www.themoviedb.org/movie/533514), ,🌟82.60,2020, , ,
91,![630566](https://www.themoviedb.orghttps://media.themoviedb.org/t/p/w220_and_h330_face/9Nmws7vGmLvYlLRNUKQ49uR8VMe.jpg),92,[云上情歌](https://www.themoviedb.org/movie/630566), ,🌟82.58,2020, , ,
92,![299534](https://www.themoviedb.orghttps://media.themoviedb.org/t/p/w220_and_h330_face/fXgoEedB0k5TgaYrBqbY3eZ3DAI.jpg),93,[复仇者联盟4：终局之战](https://www.themoviedb.org/movie/299534), ,🌟82.57,2019, , ,
93,![8587](https://www.themoviedb.orghttps://media.themoviedb.org/t/p/w220_and_h330_face/8x6R1qfAKzwlYDJvqomtVmK6mvR.jpg),94,[狮子王](https://www.themoviedb.org/movie/8587), ,🌟82.56,1994, , ,
94,![283566](https://www.themoviedb.orghttps://media.themoviedb.org/t/p/w220_and_h330_face/cZTeSdU8q1MHQkQnu1Iqvy6Mcnq.jpg),95,[福音战士新剧场版：终](https://www.themoviedb.org/movie/283566), ,🌟82.55,2021, , ,
95,![299536](https://www.themoviedb.orghttps://media.themoviedb.org/t/p/w220_and_h330_face/oK7IP8Yx4pTgZSFE8RD74pwlJtW.jpg),96,[复仇者联盟3：无限战争](https://www.themoviedb.org/movie/299536), ,🌟82.48,2018, , ,
96,![618344](https://www.themoviedb.orghttps://media.themoviedb.org/t/p/w220_and_h330_face/c01Y4suApJ1Wic2xLmaq1QYcfoZ.jpg),97,[黑暗正义联盟：天启星战争](https://www.themoviedb.org/movie/618344), ,🌟82.47,2020, , ,
97,![508965](https://www.themoviedb.orghttps://media.themoviedb.org/t/p/w220_and_h330_face/bmW1Dh32V7DZWptpMOTAYQVLjTV.jpg),98,[克劳斯：圣诞节的秘密](https://www.themoviedb.org/movie/508965), ,🌟82.00,2019, , ,
98,![315162](https://www.themoviedb.orghttps://media.themoviedb.org/t/p/w220_and_h330_face/vLQz2Z68cIVxjPPU2a8I4wz6fQ5.jpg),99,[穿靴子的猫2](https://www.themoviedb.org/movie/315162), ,🌟82.45,2022, , ,
99,![490132](https://www.themoviedb.orghttps://media.themoviedb.org/t/p/w220_and_h330_face/8j25XDuKAsZFPd9MPqt5a6DnYhJ.jpg),100,[绿皮书](https://www.themoviedb.org/movie/490132), ,🌟82.43,2018, , ,
100,![572154](https://www.themoviedb.orghttps://media.themoviedb.org/t/p/w220_and_h330_face/i1yS8v10SKYVfHzJXjZ0Qa95fQL.jpg),101,[青春猪头少年不会梦到怀梦美少女](https://www.themoviedb.org/movie/572154), ,🌟82.00,2019, , ,
101,![265177](https://www.themoviedb.orghttps://media.themoviedb.org/t/p/w220_and_h330_face/rPMLKH0QiXyrOLMscMozsPMtsu3.jpg),102,[妈咪](https://www.themoviedb.org/movie/265177), ,🌟82.37,2014, , ,
102,![504253](https://www.themoviedb.orghttps://media.themoviedb.org/t/p/w220_and_h330_face/qkUuI3pf2nL9jWlvbXbEzjrisMs.jpg),103,[我想吃掉你的胰脏](https://www.themoviedb.org/movie/504253), ,🌟82.39,2018, , ,
103,![42269](https://www.themoviedb.orghttps://media.themoviedb.org/t/p/w220_and_h330_face/zGGWYpiKNwjpKxelPxOMqJnUgDs.jpg),104,[我们如此相爱](https://www.themoviedb.org/movie/42269), ,🌟82.00,1974, , ,
104,![290098](https://www.themoviedb.orghttps://media.themoviedb.org/t/p/w220_and_h330_face/4XSCTGx7qAkvcrFXMjrM1SpGPu0.jpg),105,[小姐](https://www.themoviedb.org/movie/290098), ,🌟82.32,2016, , ,
105,![14002](https://www.themoviedb.orghttps://media.themoviedb.org/t/p/w220_and_h330_face/ldEuJQ4z7zEvL7iXraESWBUfQcz.jpg),106,[天地玄黄](https://www.themoviedb.org/movie/14002), ,🌟82.23,1992, , ,
106,![635302](https://www.themoviedb.orghttps://media.themoviedb.org/t/p/w220_and_h330_face/fvYwUYNzbcI4cb6NG8QjZflLtwW.jpg),107,[鬼灭之刃 无限列车篇](https://www.themoviedb.org/movie/635302), ,🌟82.31,2020, , ,
107,![568300](https://www.themoviedb.orghttps://media.themoviedb.org/t/p/w220_and_h330_face/1u0rtWPgYfAWmqveXOsQDvMRODD.jpg),108,[防弹少年团世界巡回演唱会：在首尔爱自己](https://www.themoviedb.org/movie/568300), ,🌟82.31,2019, , ,
108,![110420](https://www.themoviedb.orghttps://media.themoviedb.org/t/p/w220_and_h330_face/7VKJQ3TMG8K9Cqa6tnfIrPkyvjY.jpg),109,[狼的孩子雨和雪](https://www.themoviedb.org/movie/110420), ,🌟82.25,2012, , ,
109,![361743](https://www.themoviedb.orghttps://media.themoviedb.org/t/p/w220_and_h330_face/p6s3jNR0HHaRdsK6138b7zrc3hJ.jpg),110,[Top Gun: Maverick](https://www.themoviedb.org/movie/361743), ,🌟82.24,2022, , ,
110,![20334](https://www.themoviedb.orghttps://media.themoviedb.org/t/p/w220_and_h330_face/dZ1aEzGYRiqJwPfjS6VL7wUkHmF.jpg),111,[街角的商店](https://www.themoviedb.org/movie/20334), ,🌟82.21,1940, , ,
111,![740996](https://www.themoviedb.orghttps://media.themoviedb.org/t/p/w220_and_h330_face/wwrvjmcgkDyB2RbCbIVLXZf82pl.jpg),112,[BLACKPINK：照亮天空](https://www.themoviedb.org/movie/740996), ,🌟82.18,2020, , ,
112,![654299](https://www.themoviedb.orghttps://media.themoviedb.org/t/p/w220_and_h330_face/xg6QZdlHrq2dtSK8cfnQQMnmpeY.jpg),113,[从天而降](https://www.themoviedb.org/movie/654299), ,🌟82.18,2019, , ,
113,![16869](https://www.themoviedb.orghttps://media.themoviedb.org/t/p/w220_and_h330_face/dYV1PrQ00QxeuRrPagNNO1kQKex.jpg),114,[无耻混蛋](https://www.themoviedb.org/movie/16869), ,🌟82.18,2009, , ,
114,![24188](https://www.themoviedb.orghttps://media.themoviedb.org/t/p/w220_and_h330_face/4h1ckrJQVcQYjeOkqS8i9BqZ9MI.jpg),115,[安逸人生](https://www.themoviedb.org/movie/24188), ,🌟82.10,1962, , ,
115,![694](https://www.themoviedb.orghttps://media.themoviedb.org/t/p/w220_and_h330_face/6ftquKCwHUAbaoau4NabRS69ie9.jpg),116,[闪灵](https://www.themoviedb.org/movie/694), ,🌟82.16,1980, , ,
116,![98](https://www.themoviedb.orghttps://media.themoviedb.org/t/p/w220_and_h330_face/ouJWDKwqtPj8gzeJoO7mHJ53AxZ.jpg),117,[角斗士](https://www.themoviedb.org/movie/98), ,🌟82.15,2000, , ,
117,![37257](https://www.themoviedb.orghttps://media.themoviedb.org/t/p/w220_and_h330_face/mM5Cad2ESBprh6ucPnMzMfI34Cu.jpg),118,[控方证人](https://www.themoviedb.org/movie/37257), ,🌟82.15,1957, , ,
118,![603](https://www.themoviedb.orghttps://media.themoviedb.org/t/p/w220_and_h330_face/iTufGwAEMMIafxJg3RT2DtOgdZb.jpg),119,[黑客帝国](https://www.themoviedb.org/movie/603), ,🌟82.14,1999, , ,
119,![284](https://www.themoviedb.orghttps://media.themoviedb.org/t/p/w220_and_h330_face/hhSRt1KKfRT0yEhEtRW3qp31JFU.jpg),120,[桃色公寓](https://www.themoviedb.org/movie/284), ,🌟82.14,1960, , ,
120,![537061](https://www.themoviedb.orghttps://media.themoviedb.org/t/p/w220_and_h330_face/8mRgpubxHqnqvENK4Bei30xMDvy.jpg),121,[宇宙小子大电影](https://www.themoviedb.org/movie/537061), ,🌟82.13,2019, , ,
121,![354912](https://www.themoviedb.orghttps://media.themoviedb.org/t/p/w220_and_h330_face/3xuoHjQXGJjfdYRhA4gNrFmfm1s.jpg),122,[寻梦环游记](https://www.themoviedb.org/movie/354912), ,🌟82.13,2017, , ,
122,![857](https://www.themoviedb.orghttps://media.themoviedb.org/t/p/w220_and_h330_face/fXkEizHozij9DbLT0jcYPTMcmuF.jpg),123,[拯救大兵瑞恩](https://www.themoviedb.org/movie/857), ,🌟82.13,1998, , ,
123,![522924](https://www.themoviedb.orghttps://media.themoviedb.org/t/p/w220_and_h330_face/mi5VN4ww0JZgRFJIaPxxTGKjUg7.jpg),124,[我在雨中等你](https://www.themoviedb.org/movie/522924), ,🌟82.11,2019, , ,
124,![441130](https://www.themoviedb.orghttps://media.themoviedb.org/t/p/w220_and_h330_face/2vzmHxlLZyxKz2QIKRhiHXEo92w.jpg),125,[狼行者](https://www.themoviedb.org/movie/441130), ,🌟82.00,2020, , ,
125,![810693](https://www.themoviedb.orghttps://media.themoviedb.org/t/p/w220_and_h330_face/qiodOI39faRytzKvmq1C8IUjxaX.jpg),126,[咒术回战 0](https://www.themoviedb.org/movie/810693), ,🌟82.05,2021, , ,
126,![556574](https://www.themoviedb.orghttps://media.themoviedb.org/t/p/w220_and_h330_face/h1B7tW0t399VDjAcWJh8m87469b.jpg),127,[汉密尔顿](https://www.themoviedb.org/movie/556574), ,🌟82.07,2020, , ,
127,![185](https://www.themoviedb.orghttps://media.themoviedb.org/t/p/w220_and_h330_face/4sHeTAp65WrSSuc05nRBKddhBxO.jpg),128,[发条橙](https://www.themoviedb.org/movie/185), ,🌟82.08,1971, , ,
128,![11](https://www.themoviedb.orghttps://media.themoviedb.org/t/p/w220_and_h330_face/19RHmczYAPsvYw4OlLf0ZiV1IJM.jpg),129,[星球大战4：新希望](https://www.themoviedb.org/movie/11), ,🌟82.05,1977, , ,
129,![50014](https://www.themoviedb.orghttps://media.themoviedb.org/t/p/w220_and_h330_face/9Xzyg3YHuQMkmyCVLLvvWBXJuSm.jpg),130,[相助](https://www.themoviedb.org/movie/50014), ,🌟82.02,2011, , ,
130,![5156](https://www.themoviedb.orghttps://media.themoviedb.org/t/p/w220_and_h330_face/rLpveWO1hTNYF9LUZJZgTdq5nyf.jpg),131,[偷自行车的人](https://www.themoviedb.org/movie/5156), ,🌟82.03,1948, , ,
131,![1124](https://www.themoviedb.orghttps://media.themoviedb.org/t/p/w220_and_h330_face/aw5qvRlY31AixBLr5op0CIqCMdS.jpg),132,[致命魔术](https://www.themoviedb.org/movie/1124), ,🌟82.04,2006, , ,
132,![803](https://www.themoviedb.orghttps://media.themoviedb.org/t/p/w220_and_h330_face/2iWYQia8enOai7QEO3TvenleD7r.jpg),133,[夜与雾](https://www.themoviedb.org/movie/803), ,🌟82.03,1956, , ,
133,![797](https://www.themoviedb.orghttps://media.themoviedb.org/t/p/w220_and_h330_face/cl0HEZT8UfzLqaMrYTvGNHOfPYj.jpg),134,[假面](https://www.themoviedb.org/movie/797), ,🌟82.01,1966, , ,
134,![610892](https://www.themoviedb.orghttps://media.themoviedb.org/t/p/w220_and_h330_face/gtwhhaRPMkq6yOthjLZmjfgxSgy.jpg),135,[紫罗兰永恒花园外传：永远与自动手记人偶](https://www.themoviedb.org/movie/610892), ,🌟82.01,2019, , ,
135,![11324](https://www.themoviedb.orghttps://media.themoviedb.org/t/p/w220_and_h330_face/gW0fXbXFZLVeAgj11AL1LAD3TOP.jpg),136,[禁闭岛](https://www.themoviedb.org/movie/11324), ,🌟82.02,2010, , ,
136,![490](https://www.themoviedb.orghttps://media.themoviedb.org/t/p/w220_and_h330_face/7zxpbLIZknanO5ohrPJjyDrVuq8.jpg),137,[第七封印](https://www.themoviedb.org/movie/490), ,🌟81.95,1957, , ,
137,![26451](https://www.themoviedb.orghttps://media.themoviedb.org/t/p/w220_and_h330_face/vPTZwlq1IC4o1DCsEZEl2uGljzm.jpg),138,[对一个不容怀疑的公民的调查](https://www.themoviedb.org/movie/26451), ,🌟81.94,1970, , ,
138,![324786](https://www.themoviedb.orghttps://media.themoviedb.org/t/p/w220_and_h330_face/cPhX7k4z1sQasHkiW9nl8tP6TqL.jpg),139,[血战钢锯岭](https://www.themoviedb.org/movie/324786), ,🌟81.92,2016, , ,
139,![851644](https://www.themoviedb.orghttps://media.themoviedb.org/t/p/w220_and_h330_face/6eFN4IZr4Gu1fDydEO1pmXYjJ3G.jpg),140,[20世纪少女](https://www.themoviedb.org/movie/851644), ,🌟81.90,2022, , ,
140,![629](https://www.themoviedb.orghttps://media.themoviedb.org/t/p/w220_and_h330_face/1hBMiLL3BgiRrpnmxD2viEtlUWz.jpg),141,[非常嫌疑犯](https://www.themoviedb.org/movie/629), ,🌟81.88,1995, , ,
141,![10098](https://www.themoviedb.orghttps://media.themoviedb.org/t/p/w220_and_h330_face/d5xslTFx2e67WUcAp9cU5sU1xZp.jpg),142,[寻子遇仙记](https://www.themoviedb.org/movie/10098), ,🌟81.87,1921, , ,
142,![77](https://www.themoviedb.orghttps://media.themoviedb.org/t/p/w220_and_h330_face/rO9d5ES2v5h2xDDZzVWUfQwdZ42.jpg),143,[记忆碎片](https://www.themoviedb.org/movie/77), ,🌟81.87,2000, , ,
143,![92060](https://www.themoviedb.orghttps://media.themoviedb.org/t/p/w220_and_h330_face/dYHGoPMkZMVuBA4EydmDQMo1EEv.jpg),144,[迈克尔·杰克逊：颤栗](https://www.themoviedb.org/movie/92060), ,🌟81.85,1983, , ,
144,![620683](https://www.themoviedb.orghttps://media.themoviedb.org/t/p/w220_and_h330_face/zw77BFPGJ73Lig8GwRzYj1XHq53.jpg),145,[我的母亲有话说](https://www.themoviedb.org/movie/620683), ,🌟81.82,2019, , ,
145,![592350](https://www.themoviedb.orghttps://media.themoviedb.org/t/p/w220_and_h330_face/1EvT0VmYIIzoIIBVqIkLtUz0BDf.jpg),146,[我的英雄学院：英雄崛起](https://www.themoviedb.org/movie/592350), ,🌟81.82,2019, , ,
146,![313106](https://www.themoviedb.orghttps://media.themoviedb.org/t/p/w220_and_h330_face/yxLra5R61s5J4M5L3mqOY42K5md.jpg),147,[神秘博士五十周年特别篇：博士之日](https://www.themoviedb.org/movie/313106), ,🌟81.81,2013, , ,
147,![476292](https://www.themoviedb.orghttps://media.themoviedb.org/t/p/w220_and_h330_face/risB8lUNQYD7tAL9SAnKBoFXBC3.jpg),148,[朝花夕誓：于离别之朝束起约定之花](https://www.themoviedb.org/movie/476292), ,🌟81.79,2018, , ,
148,![68718](https://www.themoviedb.orghttps://media.themoviedb.org/t/p/w220_and_h330_face/rug5C6fONVsMjVCLU85wuRXibaW.jpg),149,[被解救的姜戈](https://www.themoviedb.org/movie/68718), ,🌟81.77,2012, , ,
149,![20941](https://www.themoviedb.orghttps://media.themoviedb.org/t/p/w220_and_h330_face/hvwB4LdMCLzqXsk5ZjR77vzPkGk.jpg),150,[无知的声音](https://www.themoviedb.org/movie/20941), ,🌟81.76,2005, , ,
150,![18148](https://www.themoviedb.orghttps://media.themoviedb.org/t/p/w220_and_h330_face/g2YbTYKpY7N2yDSk7BfXZ18I5QV.jpg),151,[东京物语](https://www.themoviedb.org/movie/18148), ,🌟81.70,1953, , ,
151,![133919](https://www.themoviedb.orghttps://media.themoviedb.org/t/p/w220_and_h330_face/ArKEdvJesIktFX8OAhcdKAOLl6I.jpg),152,[婚姻生活](https://www.themoviedb.org/movie/133919), ,🌟81.71,1974, , ,
152,![426](https://www.themoviedb.orghttps://media.themoviedb.org/t/p/w220_and_h330_face/15uOEfqBNTVtDUT7hGBVCka0rZz.jpg),153,[迷魂记](https://www.themoviedb.org/movie/426), ,🌟81.71,1958, , ,
153,![1398](https://www.themoviedb.orghttps://media.themoviedb.org/t/p/w220_and_h330_face/lUE0Bp7wH0EterJ44qMRsqtKFnp.jpg),154,[潜行者](https://www.themoviedb.org/movie/1398), ,🌟81.69,1979, , ,
154,![111](https://www.themoviedb.orghttps://media.themoviedb.org/t/p/w220_and_h330_face/iQ5ztdjvteGeboxtmRdXEChJOHh.jpg),155,[疤面煞星](https://www.themoviedb.org/movie/111), ,🌟81.69,1983, , ,
155,![791373](https://www.themoviedb.orghttps://media.themoviedb.org/t/p/w220_and_h330_face/qSOCrdQ6bs87gDlVsd2mp7ACWmd.jpg),156,[扎克·施奈德版正义联盟](https://www.themoviedb.org/movie/791373), ,🌟81.67,2021, , ,
156,![575813](https://www.themoviedb.orghttps://media.themoviedb.org/t/p/w220_and_h330_face/bjhoWPRihKSQNbqxvQgcEkOVN3j.jpg),157,[少年的你](https://www.themoviedb.org/movie/575813), ,🌟81.67,2019, , ,
157,![1422](https://www.themoviedb.orghttps://media.themoviedb.org/t/p/w220_and_h330_face/ElRV29TxT2hXDhRyer0szm9MoO.jpg),158,[无间道风云](https://www.themoviedb.org/movie/1422), ,🌟81.67,2006, , ,
158,![872](https://www.themoviedb.orghttps://media.themoviedb.org/t/p/w220_and_h330_face/dUIpWPQ3m8slLJHmASG5VZOwj5F.jpg),159,[雨中曲](https://www.themoviedb.org/movie/872), ,🌟81.66,1952, , ,
159,![289](https://www.themoviedb.orghttps://media.themoviedb.org/t/p/w220_and_h330_face/6dydECoSqsog5BQB1CTlO1KZ06L.jpg),160,[卡萨布兰卡](https://www.themoviedb.org/movie/289), ,🌟81.65,1943, , ,
160,![55823](https://www.themoviedb.orghttps://media.themoviedb.org/t/p/w220_and_h330_face/aDvKsUb5y7GMNMz2HHNtuGww5t8.jpg),161,[大战争](https://www.themoviedb.org/movie/55823), ,🌟82.00,1959, , ,
161,![422](https://www.themoviedb.orghttps://media.themoviedb.org/t/p/w220_and_h330_face/tMWvzPsvpmlklcPVjVLpUWgZHua.jpg),162,[八部半](https://www.themoviedb.org/movie/422), ,🌟81.61,1963, , ,
162,![475557](https://www.themoviedb.orghttps://media.themoviedb.org/t/p/w220_and_h330_face/kjNbXFfYLDUdFpfaMkzHbJ5Zq30.jpg),163,[小丑](https://www.themoviedb.org/movie/475557), ,🌟81.63,2019, , ,
163,![606856](https://www.themoviedb.orghttps://media.themoviedb.org/t/p/w220_and_h330_face/wX0QD36a80hxulcizz7tyahYOF8.jpg),164,[多哥](https://www.themoviedb.org/movie/606856), ,🌟81.58,2019, , ,
164,![593691](https://www.themoviedb.orghttps://media.themoviedb.org/t/p/w220_and_h330_face/nKdP4K3Bj3qnjtDCq9lTg7UOHVy.jpg),165,[归家：碧昂斯电影作品](https://www.themoviedb.org/movie/593691), ,🌟82.00,2019, , ,
165,![517814](https://www.themoviedb.orghttps://media.themoviedb.org/t/p/w220_and_h330_face/1j1NQWQLPvaiEQhSV643qSRWvC4.jpg),166,[何以为家](https://www.themoviedb.org/movie/517814), ,🌟81.54,2018, , ,
166,![398818](https://www.themoviedb.orghttps://media.themoviedb.org/t/p/w220_and_h330_face/7EDfu9QbGBBlPz1U0w4q0u8CeWT.jpg),167,[请以你的名字呼唤我](https://www.themoviedb.org/movie/398818), ,🌟81.54,2017, , ,
167,![489](https://www.themoviedb.orghttps://media.themoviedb.org/t/p/w220_and_h330_face/erhQ2FzhfYIUcfPpBnbB3TFYOk1.jpg),168,[心灵捕手](https://www.themoviedb.org/movie/489), ,🌟81.54,1997, , ,
168,![103](https://www.themoviedb.orghttps://media.themoviedb.org/t/p/w220_and_h330_face/ekstpH614fwDX8DUln1a2Opz0N8.jpg),169,[出租车司机](https://www.themoviedb.org/movie/103), ,🌟81.54,1976, , ,
169,![399106](https://www.themoviedb.orghttps://media.themoviedb.org/t/p/w220_and_h330_face/rfEkkVzmrMYqGezNLl02mVyJCP2.jpg),170,[鹬](https://www.themoviedb.org/movie/399106), ,🌟81.52,2016, , ,
170,![81481](https://www.themoviedb.orghttps://media.themoviedb.org/t/p/w220_and_h330_face/fy1OyZqiZz2bv8mN28QYUYdzUbh.jpg),171,[熔炉](https://www.themoviedb.org/movie/81481), ,🌟81.50,2011, , ,
171,![348](https://www.themoviedb.orghttps://media.themoviedb.org/t/p/w220_and_h330_face/uuGKhdNWrZegCr2cYz7OFXiMzNo.jpg),172,[异形](https://www.themoviedb.org/movie/348), ,🌟81.50,1979, , ,
172,![531428](https://www.themoviedb.orghttps://media.themoviedb.org/t/p/w220_and_h330_face/mu2NLRxP9u27wEMNcub61Alr8uY.jpg),173,[燃烧女子的肖像](https://www.themoviedb.org/movie/531428), ,🌟81.47,2019, , ,
173,![20532](https://www.themoviedb.orghttps://media.themoviedb.org/t/p/w220_and_h330_face/ffMCNNYiTCdkhMQoNSX17urqWiz.jpg),174,[山椒大夫](https://www.themoviedb.org/movie/20532), ,🌟81.29,1954, , ,
174,![762975](https://www.themoviedb.orghttps://media.themoviedb.org/t/p/w220_and_h330_face/zNYqx6RtJvnrlXVNrP5VzfixgQY.jpg),175,[紫心之恋](https://www.themoviedb.org/movie/762975), ,🌟81.46,2022, , ,
175,![666](https://www.themoviedb.orghttps://media.themoviedb.org/t/p/w220_and_h330_face/sn98rIme6rHAkIB7RWmLX2uAPVK.jpg),176,[中央车站](https://www.themoviedb.org/movie/666), ,🌟81.46,1998, , ,
176,![19](https://www.themoviedb.orghttps://media.themoviedb.org/t/p/w220_and_h330_face/pxbGZewX327IbTvrCVRJgcLJTSQ.jpg),177,[大都会](https://www.themoviedb.org/movie/19), ,🌟81.42,1927, , ,
177,![406997](https://www.themoviedb.orghttps://media.themoviedb.org/t/p/w220_and_h330_face/aXAv5RVQLDdZvujkhyvWJ9Fyl8Z.jpg),178,[奇迹男孩](https://www.themoviedb.org/movie/406997), ,🌟81.40,2017, , ,
178,![470044](https://www.themoviedb.orghttps://media.themoviedb.org/t/p/w220_and_h330_face/d3bSOV22YNYpbMhwCiH2rCqsp6r.jpg),179,[你给的仇恨](https://www.themoviedb.org/movie/470044), ,🌟81.39,2018, , ,
179,![37165](https://www.themoviedb.orghttps://media.themoviedb.org/t/p/w220_and_h330_face/qBC1KaMxwk4EM1PltRztOkUA83X.jpg),180,[楚门的世界](https://www.themoviedb.org/movie/37165), ,🌟81.40,1998, , ,
180,![600354](https://www.themoviedb.orghttps://media.themoviedb.org/t/p/w220_and_h330_face/sC8xApFoo0YzIZlKbwPrrAnaWPo.jpg),181,[困在时间里的父亲](https://www.themoviedb.org/movie/600354), ,🌟81.38,2020, , ,
181,![2457](https://www.themoviedb.orghttps://media.themoviedb.org/t/p/w220_and_h330_face/yiy9stl1jjVhW44ypkWMFDT8Ix3.jpg),182,[天堂的孩子](https://www.themoviedb.org/movie/2457), ,🌟81.19,1945, , ,
182,![755812](https://www.themoviedb.orghttps://media.themoviedb.org/t/p/w220_and_h330_face/9YbyvcrHmY2SVbdfXpb8mC4Fy0g.jpg),183,[瓢虫少女](https://www.themoviedb.org/movie/755812), ,🌟81.00,2020, , ,
183,![458220](https://www.themoviedb.orghttps://media.themoviedb.org/t/p/w220_and_h330_face/p6LzBQ4bPCsUWZzTLEyTT0PDNuO.jpg),184,[Palmer](https://www.themoviedb.org/movie/458220), ,🌟81.37,2021, , ,
184,![508442](https://www.themoviedb.orghttps://media.themoviedb.org/t/p/w220_and_h330_face/7k7jBMtzu24Qrt0LuaLaU5mU1os.jpg),185,[心灵奇旅](https://www.themoviedb.org/movie/508442), ,🌟81.36,2020, , ,
185,![600](https://www.themoviedb.orghttps://media.themoviedb.org/t/p/w220_and_h330_face/2Y6hZHEtsmbBRRoS0PNTx9LQ2GV.jpg),186,[全金属外壳](https://www.themoviedb.org/movie/600), ,🌟81.35,1987, , ,
186,![20914](https://www.themoviedb.orghttps://media.themoviedb.org/t/p/w220_and_h330_face/8Pm8SLjq2UHCwisd56ipHtzvZI1.jpg),187,[我的朋友们](https://www.themoviedb.org/movie/20914), ,🌟81.00,1975, , ,
187,![500](https://www.themoviedb.orghttps://media.themoviedb.org/t/p/w220_and_h330_face/1j19At3DXcmvFQcwe0OoUMj2r5J.jpg),188,[落水狗](https://www.themoviedb.org/movie/500), ,🌟81.30,1992, , ,
188,![614](https://www.themoviedb.orghttps://media.themoviedb.org/t/p/w220_and_h330_face/iyTD2QnySNMPUPE3IedZQipSWfz.jpg),189,[野草莓](https://www.themoviedb.org/movie/614), ,🌟81.25,1957, , ,
189,![411088](https://www.themoviedb.orghttps://media.themoviedb.org/t/p/w220_and_h330_face/6LAT5zqpZbDWV87pchCN6RAGdAo.jpg),190,[看不见的客人](https://www.themoviedb.org/movie/411088), ,🌟81.23,2017, , ,
190,![935](https://www.themoviedb.orghttps://media.themoviedb.org/t/p/w220_and_h330_face/7SixLzxcqezkZEYU8pcHZgbkmjp.jpg),191,[奇爱博士](https://www.themoviedb.org/movie/935), ,🌟81.00,1964, , ,
191,![100](https://www.themoviedb.orghttps://media.themoviedb.org/t/p/w220_and_h330_face/hmV286hd2ZzoxOb7Ay7XdfSh0Y1.jpg),192,[两杆大烟枪](https://www.themoviedb.org/movie/100), ,🌟81.22,1998, , ,
192,![555604](https://www.themoviedb.orghttps://media.themoviedb.org/t/p/w220_and_h330_face/bNr9fc1LwaXR9JJxBixySg1C4md.jpg),193,[吉尔莫·德尔·托罗的匹诺曹](https://www.themoviedb.org/movie/555604), ,🌟81.20,2022, , ,
193,![439](https://www.themoviedb.orghttps://media.themoviedb.org/t/p/w220_and_h330_face/11hMHhThUb53fHoDDyn5LUsw0Z.jpg),194,[甜蜜的生活](https://www.themoviedb.org/movie/439), ,🌟81.17,1960, , ,
194,![38288](https://www.themoviedb.orghttps://media.themoviedb.org/t/p/w220_and_h330_face/y3hEulMYSTQuvmI5jBTyWrcvJQX.jpg),195,[I corti](https://www.themoviedb.org/movie/38288), ,🌟81.17,1996, , ,
195,![996](https://www.themoviedb.orghttps://media.themoviedb.org/t/p/w220_and_h330_face/n8Mfx7JNbj6lo24laFL1sZYEKHs.jpg),196,[双重赔偿](https://www.themoviedb.org/movie/996), ,🌟81.16,1944, , ,
196,![872585](https://www.themoviedb.orghttps://media.themoviedb.org/t/p/w220_and_h330_face/aGfEOxRPwp5lEeYfUU0cBpQ0k9K.jpg),197,[奥本海默](https://www.themoviedb.org/movie/872585), ,🌟81.16,2023, , ,
197,![774372](https://www.themoviedb.orghttps://media.themoviedb.org/t/p/w220_and_h330_face/cvBVd5DwAwYOakF0U1qsYdysQ08.jpg),198,[爱莉安娜·格兰德：嗨，我爱你](https://www.themoviedb.org/movie/774372), ,🌟81.00,2020, , ,
198,![518068](https://www.themoviedb.orghttps://media.themoviedb.org/t/p/w220_and_h330_face/9LxncezH91DzvyZxN96wY6TU9g1.jpg),199,[与神同行2：因与缘](https://www.themoviedb.org/movie/518068), ,🌟81.12,2018, , ,
199,![280](https://www.themoviedb.orghttps://media.themoviedb.org/t/p/w220_and_h330_face/h9bozUCB1T6TBK38bf6OvKTk8SV.jpg),200,[终结者2：审判日](https://www.themoviedb.org/movie/280), ,🌟81.12,1991, , ,
200,![532067](https://www.themoviedb.orghttps://media.themoviedb.org/t/p/w220_and_h330_face/oiQ942qELV0m2Tp5RFnsqhOpBbg.jpg),201,[为美好的世界献上祝福！红传说](https://www.themoviedb.org/movie/532067), ,🌟81.11,2019, , ,
201,![843](https://www.themoviedb.orghttps://media.themoviedb.org/t/p/w220_and_h330_face/afMywkqdiZJk4TpxB5LxTRcLs7Z.jpg),202,[花样年华](https://www.themoviedb.org/movie/843), ,🌟81.09,2000, , ,
202,![664767](https://www.themoviedb.orghttps://media.themoviedb.org/t/p/w220_and_h330_face/4nTBIFNaEpFgUcSMGpyxScWmP5y.jpg),203,[真人快打传奇：蝎子的复仇](https://www.themoviedb.org/movie/664767), ,🌟81.08,2020, , ,
203,![640344](https://www.themoviedb.orghttps://media.themoviedb.org/t/p/w220_and_h330_face/sfeQTIRkJjWt8IPDSBcPqkrcaas.jpg),204,[Me Against You: Mr. S's Vendetta](https://www.themoviedb.org/movie/640344), ,🌟81.07,2020, , ,
204,![663558](https://www.themoviedb.orghttps://media.themoviedb.org/t/p/w220_and_h330_face/p84B2xIxJ05BmvgnfdPD5HNpyrV.jpg),205,[新神榜：哪吒重生](https://www.themoviedb.org/movie/663558), ,🌟81.06,2021, , ,
205,![655](https://www.themoviedb.orghttps://media.themoviedb.org/t/p/w220_and_h330_face/tgw3TJTWgNUYCgL5Pa546VVVvSU.jpg),206,[德州巴黎](https://www.themoviedb.org/movie/655), ,🌟81.04,1984, , ,
206,![239](https://www.themoviedb.orghttps://media.themoviedb.org/t/p/w220_and_h330_face/hVIKyTK13AvOGv7ICmJjK44DTzp.jpg),207,[热情如火](https://www.themoviedb.org/movie/239), ,🌟81.06,1959, , ,
207,![11878](https://www.themoviedb.orghttps://media.themoviedb.org/t/p/w220_and_h330_face/tN7kYPjRhDolpui9sc9Eq9n5b2O.jpg),208,[用心棒](https://www.themoviedb.org/movie/11878), ,🌟81.04,1961, , ,
208,![705](https://www.themoviedb.orghttps://media.themoviedb.org/t/p/w220_and_h330_face/6numIZH6uR3NlJgY9m7nGH0jhs.jpg),209,[彗星美人](https://www.themoviedb.org/movie/705), ,🌟81.03,1950, , ,
209,![58496](https://www.themoviedb.orghttps://media.themoviedb.org/t/p/w220_and_h330_face/nZbLCbRoP6iJq5sr8daHQzjnzFh.jpg),210,[永远的车神](https://www.themoviedb.org/movie/58496), ,🌟81.02,2010, , ,
210,![548](https://www.themoviedb.orghttps://media.themoviedb.org/t/p/w220_and_h330_face/vL7Xw04nFMHwnvXRFCmYYAzMUvY.jpg),211,[罗生门](https://www.themoviedb.org/movie/548), ,🌟81.01,1950, , ,
211,![265297](https://www.themoviedb.orghttps://media.themoviedb.org/t/p/w220_and_h330_face/ni79BpUtd6rIEDDt05h4i0oHLuj.jpg),212,[地球之盐](https://www.themoviedb.org/movie/265297), ,🌟81.01,2014, , ,
212,![38](https://www.themoviedb.orghttps://media.themoviedb.org/t/p/w220_and_h330_face/a10t6Etv9cHz5pTNl9RyqspbdnY.jpg),213,[暖暖内含光](https://www.themoviedb.org/movie/38), ,🌟81.01,2004, , ,
213,![46738](https://www.themoviedb.orghttps://media.themoviedb.org/t/p/w220_and_h330_face/6LpfTwFmF42mCRGHdbL3nGFAv2k.jpg),214,[焦土之城](https://www.themoviedb.org/movie/46738), ,🌟81.00,2010, , ,
214,![15584](https://www.themoviedb.orghttps://media.themoviedb.org/t/p/w220_and_h330_face/bVJCQfIfNC01CYOVkvBOtrY1cxy.jpg),215,[一封关于父亲的信](https://www.themoviedb.org/movie/15584), ,🌟80.98,2008, , ,
215,![9702](https://www.themoviedb.orghttps://media.themoviedb.org/t/p/w220_and_h330_face/gvP6R6juhe2IpCG7QGDgjyUvm0g.jpg),216,[黑帮悍将](https://www.themoviedb.org/movie/9702), ,🌟81.01,1993, , ,
216,![103663](https://www.themoviedb.orghttps://media.themoviedb.org/t/p/w220_and_h330_face/ou9Nno9SAdh8lw4LgSRz8LyOqWp.jpg),217,[狩猎](https://www.themoviedb.org/movie/103663), ,🌟80.99,2012, , ,
217,![12445](https://www.themoviedb.orghttps://media.themoviedb.org/t/p/w220_and_h330_face/tLsJ1mqkGTreTuT64N5wXcNwTqm.jpg),218,[哈利·波特与死亡圣器(下)](https://www.themoviedb.org/movie/12445), ,🌟80.99,2011, , ,
218,![550776](https://www.themoviedb.orghttps://media.themoviedb.org/t/p/w220_and_h330_face/qbJEzCzEKDHPZDiRvSSBiYEKaAH.jpg),219,[相信我：被诱拐的丽莎·麦克维](https://www.themoviedb.org/movie/550776), ,🌟80.96,2018, , ,
219,![472454](https://www.themoviedb.orghttps://media.themoviedb.org/t/p/w220_and_h330_face/3nQfaTj19cGVWenAaLKWXJyBePG.jpg),220,[艾拉：战争之女](https://www.themoviedb.org/movie/472454), ,🌟80.95,2017, , ,
220,![406](https://www.themoviedb.orghttps://media.themoviedb.org/t/p/w220_and_h330_face/z3Ps6ZQ8iWOqEYgHOgsI91Wn3Lf.jpg),221,[怒火青春](https://www.themoviedb.org/movie/406), ,🌟80.94,1995, , ,
221,![146233](https://www.themoviedb.orghttps://media.themoviedb.org/t/p/w220_and_h330_face/7ezrVdi8kGhNQF1KgEjKPvNQg0G.jpg),222,[囚徒](https://www.themoviedb.org/movie/146233), ,🌟80.93,2013, , ,
222,![832](https://www.themoviedb.orghttps://media.themoviedb.org/t/p/w220_and_h330_face/slsS6jT6SXjcTPOrsFcLIrHboXA.jpg),223,[M就是凶手](https://www.themoviedb.org/movie/832), ,🌟80.93,1931, , ,
223,![823754](https://www.themoviedb.orghttps://media.themoviedb.org/t/p/w220_and_h330_face/ku1UvTWYvhFQbSesOD6zteY7bXT.jpg),224,[博·伯纳姆：隔离在家](https://www.themoviedb.org/movie/823754), ,🌟80.88,2021, , ,
224,![24382](https://www.themoviedb.orghttps://media.themoviedb.org/t/p/w220_and_h330_face/f5OxD8Nl0pR3DcYHtYhHRfpsmjl.jpg),225,[圣母街上的大人物](https://www.themoviedb.org/movie/24382), ,🌟80.88,1958, , ,
225,![10681](https://www.themoviedb.orghttps://media.themoviedb.org/t/p/w220_and_h330_face/2F19RJ6ISg4itYb4WKJjkHxBRE4.jpg),226,[机器人总动员](https://www.themoviedb.org/movie/10681), ,🌟80.87,2008, , ,
226,![387](https://www.themoviedb.orghttps://media.themoviedb.org/t/p/w220_and_h330_face/yjbkHtvbwVhuPvfEWBIX5yX8yQ3.jpg),227,[从海底出击](https://www.themoviedb.org/movie/387), ,🌟80.87,1981, , ,
227,![992](https://www.themoviedb.orghttps://media.themoviedb.org/t/p/w220_and_h330_face/1G9r3rqtbFAQuyWKOZm4Y5J5s7Q.jpg),228,[福尔摩斯二世](https://www.themoviedb.org/movie/992), ,🌟80.86,1924, , ,
228,![4348](https://www.themoviedb.orghttps://media.themoviedb.org/t/p/w220_and_h330_face/gUKrIgoHHb5noFaTuD1qYBna9A1.jpg),229,[傲慢与偏见](https://www.themoviedb.org/movie/4348), ,🌟80.83,2005, , ,
229,![397567](https://www.themoviedb.orghttps://media.themoviedb.org/t/p/w220_and_h330_face/b7b0sst1kc1mIkFHdSJ98mSfLRH.jpg),230,[与神同行：罪与罚](https://www.themoviedb.org/movie/397567), ,🌟80.82,2017, , ,
230,![89708](https://www.themoviedb.orghttps://media.themoviedb.org/t/p/w220_and_h330_face/qodkea4k0pNUmNTl5TJO2PdTqgW.jpg),231,[轮回](https://www.themoviedb.org/movie/89708), ,🌟80.78,2011, , ,
231,![3780](https://www.themoviedb.orghttps://media.themoviedb.org/t/p/w220_and_h330_face/60R6T15MJSRibDBgTyTWBYp9lWn.jpg),232,[红胡子](https://www.themoviedb.org/movie/3780), ,🌟80.81,1965, , ,
232,![7345](https://www.themoviedb.orghttps://media.themoviedb.org/t/p/w220_and_h330_face/fa0RDkAlCec0STeMNAhPaF89q6U.jpg),233,[血色将至](https://www.themoviedb.org/movie/7345), ,🌟80.81,2007, , ,
233,![906126](https://www.themoviedb.orghttps://media.themoviedb.org/t/p/w220_and_h330_face/eQr9VJuvB7hSzi93w05UFkEchmo.jpg),234,[绝境盟约](https://www.themoviedb.org/movie/906126), ,🌟80.80,2023, , ,
234,![400608](https://www.themoviedb.orghttps://media.themoviedb.org/t/p/w220_and_h330_face/dqHTk96sbQI2En5HJIsgelWi5Cv.jpg),235,[博·伯瀚：制造快乐](https://www.themoviedb.org/movie/400608), ,🌟81.00,2016, , ,
235,![11645](https://www.themoviedb.orghttps://media.themoviedb.org/t/p/w220_and_h330_face/jQnUtWaHYfqnXPOIf77K7Ycqk4M.jpg),236,[乱](https://www.themoviedb.org/movie/11645), ,🌟81.00,1985, , ,
236,![359940](https://www.themoviedb.orghttps://media.themoviedb.org/t/p/w220_and_h330_face/fQzCvF2R4P9YkPQK7gO9LNLcnlD.jpg),237,[三块广告牌](https://www.themoviedb.org/movie/359940), ,🌟80.76,2017, , ,
237,![334543](https://www.themoviedb.orghttps://media.themoviedb.org/t/p/w220_and_h330_face/4myNatWRl93OEBUKP4DX5npVTgU.jpg),238,[雄狮](https://www.themoviedb.org/movie/334543), ,🌟80.76,2016, , ,
238,![62](https://www.themoviedb.orghttps://media.themoviedb.org/t/p/w220_and_h330_face/uNCaOQI5RHgQbH5NTUdl2qH9SW9.jpg),239,[2001太空漫游](https://www.themoviedb.org/movie/62), ,🌟81.00,1968, , ,
239,![149871](https://www.themoviedb.orghttps://media.themoviedb.org/t/p/w220_and_h330_face/63Rzaxubx4AlAsiMZljEEUaIae0.jpg),240,[辉夜姬物语](https://www.themoviedb.org/movie/149871), ,🌟80.73,2013, , ,
240,![8392](https://www.themoviedb.orghttps://media.themoviedb.org/t/p/w220_and_h330_face/cqmTBiE8ianWpz1jCFImDHve3QW.jpg),241,[龙猫](https://www.themoviedb.org/movie/8392), ,🌟80.71,1988, , ,
241,![11423](https://www.themoviedb.orghttps://media.themoviedb.org/t/p/w220_and_h330_face/uvXoFNJ0iaifW3abKKHmGfnoPmU.jpg),242,[杀人回忆](https://www.themoviedb.org/movie/11423), ,🌟80.70,2003, , ,
242,![831827](https://www.themoviedb.orghttps://media.themoviedb.org/t/p/w220_and_h330_face/aaczVLsEYSHQzHUYr69bTMRA4CI.jpg),243,[家门之外](https://www.themoviedb.org/movie/831827), ,🌟81.00,2021, , ,
243,![1000492](https://www.themoviedb.orghttps://media.themoviedb.org/t/p/w220_and_h330_face/ptJWIUOm3aA15rjz5SJJwS6WJU4.jpg),244,[你们所有人的脸](https://www.themoviedb.org/movie/1000492), ,🌟80.69,2023, , ,
244,![930094](https://www.themoviedb.orghttps://media.themoviedb.org/t/p/w220_and_h330_face/iQlzHf5kHZHHHwkZDLfDuBNlPQo.jpg),245,[星条红与皇室蓝](https://www.themoviedb.org/movie/930094), ,🌟80.66,2023, , ,
245,![437068](https://www.themoviedb.orghttps://media.themoviedb.org/t/p/w220_and_h330_face/kZJa2WIVG7QzXQ6JQZjhxC1qVP0.jpg),246,[出租车司机](https://www.themoviedb.org/movie/437068), ,🌟80.62,2017, , ,
246,![21634](https://www.themoviedb.orghttps://media.themoviedb.org/t/p/w220_and_h330_face/1viFwXluAettogGDsTrSUUg29lZ.jpg),247,[天佑鲍比](https://www.themoviedb.org/movie/21634), ,🌟80.62,2009, , ,
247,![638507](https://www.themoviedb.orghttps://media.themoviedb.org/t/p/w220_and_h330_face/kXj2Qrfm994yLeuADqbOieU1mUH.jpg),248,[驯龙高手：归家](https://www.themoviedb.org/movie/638507), ,🌟80.61,2019, , ,
248,![11659](https://www.themoviedb.orghttps://media.themoviedb.org/t/p/w220_and_h330_face/8xWQ642dy0JCvFy4oSNgTpOdRs6.jpg),249,[灿烂人生](https://www.themoviedb.org/movie/11659), ,🌟80.60,2003, , ,
249,![8422](https://www.themoviedb.orghttps://media.themoviedb.org/t/p/w220_and_h330_face/pngL8AraChIDOiWnKF2o3S9kJzJ.jpg),250,[洛可兄弟](https://www.themoviedb.org/movie/8422), ,🌟80.60,1960, , ,
